年份,得獎,中文名稱,英文名稱,連結,movieGrading,movieDuration,movieRating,movieComment,movieDirector,movieWriter,movieCast1,movieCast2,movieCast3,movieCast4,movieCast5,movieCast6,movieCast7,movieCast8,movieCast9,movieCast10,movieCast11,movieCast12,movieCast13,movieCast14,movieCast15,movieCast16,movieCast17,movieCast18,movieCountry,Action,Adventure,Biography,Comedy,Crime,Drama,Fantasy,History,Musical,Mystery,Romance,Sci-Fi,Sport,Thriller,War
2000,1,美國心玫瑰情,American Beauty,https://www.imdb.com/title/tt0169547/?ref_=ev_nom,R,2h 2m,8.3,1.2M,Sam Mendes,Alan Ball,Kevin Spacey', 'Annette Bening', 'Thora Birch', 'Wes Bentley', 'Mena Suvari', 'Peter Gallagher', 'Allison Janney', 'Chris Cooper', 'Scott Bakula', 'Sam Robards', 'Barry Del Sherman', 'Ara Celi', 'John Cho', 'Fort Atkinson', 'Sue Casey', 'Kent Faulcon', 'Brenda Wehle', 'Lisa Cloud',United States,0,0,0,0,0,1,0,0,0,0,0,0,0,0,0
2000,0,心塵往事,The Cider House Rules ,https://www.imdb.com/title/tt0124315/?ref_=ev_nom,GP,2h 6m,7.4,103K,Lasse Hallstr_m,John Irving,Tobey Maguire', 'Charlize Theron', 'Michael Caine', 'Delroy Lindo', 'Paul Rudd', 'Jane Alexander', 'Kathy Baker', 'Erykah Badu', 'Kieran Culkin', 'Kate Nelligan', 'Heavy D', 'K. Todd Freeman', 'Paz de la Huerta', 'J.K. Simmons', 'Evan Parke', 'Jimmy Flynn', 'Lonnie Farmer', 'Erik Per Sullivan',United States,0,0,0,0,0,1,0,0,0,0,1,0,0,0,0
2000,0,綠色奇蹟,The Green Mile ,https://www.imdb.com/title/tt0120689/?ref_=ev_nom,0+,3h 9m,8.6,1.4M,Frank Darabont,"Stephen King, Frank Darabont",Tom Hanks', 'Michael Clarke Duncan', 'David Morse', 'Bonnie Hunt', 'James Cromwell', 'Michael Jeter', 'Graham Greene', 'Doug Hutchison', 'Sam Rockwell', 'Barry Pepper', 'Jeffrey DeMunn', 'Patricia Clarkson', 'Harry Dean Stanton', 'Dabbs Greer', 'Eve Brent', 'William Sadler', 'Mack Miles', 'Rai Tasco',United States,0,0,0,0,1,1,1,0,0,1,0,0,0,0,0
2000,0,靈異第六感, The Sixth Sense ,https://www.imdb.com/title/tt0167404/?ref_=ev_nom,0+,1h 47m,8.2,1M,M. Night Shyamalan,M. Night Shyamalan,Bruce Willis', 'Haley Joel Osment', 'Toni Collette', 'Olivia Williams', 'Trevor Morgan', 'Donnie Wahlberg', 'Peter Anthony Tambakis', 'Jeffrey Zubernis', 'Bruce Norris', 'Glenn Fitzgerald', 'Greg Wood', 'Mischa Barton', 'Angelica Page', 'Lisa Summerour', 'Firdous Bamji', 'Samia Shoaib', 'Hayden Saunier', 'Janis Dardaris',United States,0,0,0,0,0,1,0,0,0,1,0,0,0,1,0
2000,0,驚爆內幕,The Insider ,https://www.imdb.com/title/tt0140352/?ref_=ev_nom,R,2h 37m,7.8,176K,Michael Mann,"Marie Brenner, Eric Roth, Michael Mann",Russell Crowe', 'Al Pacino', 'Christopher Plummer', 'Diane Venora', 'Philip Baker Hall', 'Lindsay Crouse', 'Debi Mazar', 'Stephen Tobolowsky', 'Colm Feore', 'Bruce McGill', 'Gina Gershon', 'Michael Gambon', 'Rip Torn', 'Lynne Thigpen', 'Hallie Eisenberg', 'Michael Paul Chan', 'Linda Hart', 'Robert Harper',United States,0,0,1,0,0,1,0,0,0,0,0,0,0,1,0
2001,1,神鬼戰士,Gladiator,https://www.imdb.com/title/tt0172495/?ref_=ev_nom,R-12,2h 35m,8.5,1.6M,Ridley Scott,"David Franzoni, John Logan, William Nicholson",Russell Crowe', 'Joaquin Phoenix', 'Connie Nielsen', 'Oliver Reed', 'Richard Harris', 'Derek Jacobi', 'Djimon Hounsou', 'David Schofield', 'John Shrapnel', 'Tomas Arana', 'Ralf Moeller', 'Spencer Treat Clark', 'David Hemmings', 'Tommy Flanagan', 'Sven-Ole Thorsen', 'Omid Djalili', 'Nicholas McGaughey', 'Chris Kell',United States,1,1,0,0,0,1,0,0,0,0,0,0,0,0,0
2001,0,天人交戰,Traffic,https://www.imdb.com/title/tt0181865/?ref_=ev_nom,R,2h 27m,7.6,215K,Steven Soderbergh,"Simon Moore, Stephen Gaghan",Michael Douglas', 'Benicio Del Toro', 'Catherine Zeta-Jones', 'Jacob Vargas', 'Andrew Chavez', 'Michael Saucedo', 'Tomas Milian', 'J.R. Yenque', 'Emilio Rivera'," ""Michael O'Neill""", 'Russell G. Jones', 'Lorene Hetherington', 'Eric Collins', 'Beau Holden', 'Peter Stader', 'James Lew', 'Jeremy Fitzgerald', 'Russell Solberg',United States,0,0,0,0,1,1,0,0,0,0,0,0,0,1,0
2001,0,永不妥協,Erin Brockovich,https://www.imdb.com/title/tt0195685/?ref_=ev_nom,R,2h 11m,7.4,211K,Steven Soderbergh,Susannah Grant,Julia Roberts', 'Albert Finney', 'David Brisbin', 'Dawn Didawick', 'Valente Rodriguez', 'Conchata Ferrell', 'George Rocky Sullivan', 'Pat Skipper', 'Jack Gill', 'Irene Olga L籀pez', 'Emily Marks', 'Julie Marks', 'Scotty Leavenworth', 'Gemmenne de la Pe簽a', 'Erin Brockovich-Ellis', 'Adilah Barnes', 'Irina V. Passmoore', 'Aaron Eckhart',United States,0,0,1,0,0,1,0,0,0,0,0,0,0,0,0
2001,0,濃情巧克力,Chocolat,https://www.imdb.com/title/tt0241303/?ref_=ev_nom,PG-13,2h 1m,7.3,198K,Lasse Hallstr_m,"Joanne Harris, Robert Nelson Jacobs",Juliette Binoche', 'Johnny Depp', 'Judi Dench', 'Alfred Molina', 'Carrie-Anne Moss', 'Aurelien Parent Koenig', 'Antonio Gil', 'H矇l癡ne Cardona', 'Harrison Pratt', 'Gaelan Connell', '?lisabeth Commelin', 'Ron Cook', 'Guillaume Tardieu'," ""Hugh O'Conor""", 'John Wood', 'Lena Olin', 'Peter Stormare', 'Leslie Caron',United Kingdom,0,0,0,0,0,1,0,0,0,0,1,0,0,0,0
2001,0,臥虎藏龍,Wo hu cang long,https://www.imdb.com/title/tt0190332/?ref_=ev_nom,13+,2h,7.9,277K,Ang Lee,"Hui-Ling Wang, James Schamus, Kuo Jung Tsai",Chow Yun-Fat', 'Michelle Yeoh', 'Ziyi Zhang', 'Chang Chen', 'Sihung Lung', 'Pei-Pei Cheng', 'Fazeng Li', 'Xian Gao', 'Yan Hai', 'Deming Wang', 'Li Li', 'Suying Huang', 'Jinting Zhang', 'Rui Yang', 'Kai Li', 'Jianhua Feng', 'Zhenxi Du', 'Cheng Lin Xu',Taiwan,1,1,0,0,0,1,1,0,0,0,1,0,0,0,0
2002,1,美麗境界,A Beautiful Mind,https://www.imdb.com/title/tt0268978/?ref_=ev_nom,12+,2h 15m,8.2,961K,Ron Howard,"Akiva Goldsman, Sylvia Nasar",Russell Crowe', 'Ed Harris', 'Jennifer Connelly', 'Christopher Plummer', 'Paul Bettany', 'Adam Goldberg', 'Josh Lucas', 'Anthony Rapp', 'Jason Gray-Stanford', 'Judd Hirsch', 'Austin Pendleton', 'Vivien Cardone', 'Jillie Simon', 'Victor Steinbach', 'Tanya Clarke', 'Thomas F. Walsh', 'Jesse Doran', 'Kent Cassella',United States,0,0,1,0,0,1,0,0,0,0,0,0,0,0,0
2002,0,意外邊緣,In the Bedroom,https://www.imdb.com/title/tt0247425/?ref_=ev_nom,12+,2h 11m,7.4,41K,Todd Field,"Andre Dubus, Robert Festinger, Todd Field",Tom Wilkinson', 'Sissy Spacek', 'Nick Stahl', 'Marisa Tomei', 'William Mapother', 'William Wise', 'Celia Weston', 'Karen Allen', 'Frank T. Wells', 'W. Clapham Murray', 'Justin Ashforth', 'Terry A. Burgess', 'Jonathan Walsh', 'Diane E. Hamlin', 'Camden Munson', 'Christopher Adams', 'Henry Field', 'Deborah Derecktor',United States,0,0,0,0,1,1,0,0,0,0,0,0,0,0,0
2002,0,紅磨坊,Moulin Rouge!,https://www.imdb.com/title/tt0203009/?ref_=ev_nom,PG-13G-13,2h 7m,7.6,294K,Baz Luhrmann,"Baz Luhrmann, Craig Pearce",Nicole Kidman', 'Ewan McGregor', 'John Leguizamo', 'Jim Broadbent', 'Richard Roxburgh', 'Garry McDonald', 'Jacek Koman', 'Matthew Whittet', 'Kerry Walker'," ""Caroline O'Connor""", 'Christine Anu', 'Natalie Mendoza', 'Lara Mulcahy', 'David Wenham', 'Kylie Minogue', 'Ozzy Osbourne', 'Deobia Oparei', 'Linal Haft',Australia,0,0,0,0,0,1,0,0,1,0,1,0,0,0,0
2002,0,謎霧莊園,Gosford Park,https://www.imdb.com/title/tt0280707/?ref_=ev_nom,R,2h 17m,7.2,92K,Robert Altman,"Julian Fellowes, Robert Altman, Bob Balaban",Maggie Smith', 'Ryan Phillippe', 'Michael Gambon', 'Kristin Scott Thomas', 'Camilla Rutherford', 'Charles Dance', 'Geraldine Somerville', 'Tom Hollander', 'Natasha Wightman', 'Jeremy Northam', 'Bob Balaban', 'James Wilby', 'Claudie Blakley', 'Laurence Fox', 'Trent Ford', 'Stephen Fry', 'Ron Webster', 'Kelly Macdonald',United States,0,0,0,1,0,1,0,0,0,1,0,0,0,0,0
2002,0,魔戒首部曲：魔戒現身,The Lord of the Rings: The Fellowship of the Ring,https://www.imdb.com/title/tt0120737/?ref_=ev_nom,6+,2h 58m,8.8,1.9M,Peter Jackson,"J.R.R. Tolkien, Fran Walsh, Philippa Boyens",Elijah Wood', 'Ian McKellen', 'Orlando Bloom', 'Sean Bean', 'Alan Howard', 'Noel Appleby', 'Sean Astin', 'Sala Baker', 'Billy Boyd', 'Andy Serkis', 'Marton Csokas', 'Viggo Mortensen', 'Megan Edwards', 'Michael Elsworth', 'Cate Blanchett', 'Mark Ferguson', 'Ian Holm', 'Christopher Lee',New Zealand,1,1,0,0,0,1,1,0,0,0,0,0,0,0,0
2003,1,芝加哥,Chicago,https://www.imdb.com/title/tt0299658/?ref_=ev_nom,PG-13,1h 53m,7.2,237K,Rob Marshall,"Bill Condon, Bob Fosse, Fred Ebb",Ren矇e Zellweger', 'Catherine Zeta-Jones', 'Richard Gere', 'Taye Diggs', 'Cliff Saunders', 'Dominic West', 'Jayne Eastwood', 'Bruce Beaton', 'Roman Podhora', 'John C. Reilly', 'Colm Feore', 'Rob Smith', 'Sean Wayne Doyle', 'Steve Behal', 'Robbie Rox', 'Chita Rivera', 'Queen Latifah', 'Susan Misner',United States,0,0,0,1,1,0,0,0,1,0,0,0,0,0,0
2003,0,戰地琴人,The Pianist,https://www.imdb.com/title/tt0253474/?ref_=ev_nom,12+,2h 30m,8.5,874K,Roman Polanski,"Ronald Harwood, Wladyslaw Szpilman",Adrien Brody', 'Thomas Kretschmann', 'Frank Finlay', 'Emilia Fox', 'Michal Zebrowski', 'Ed Stoppard', 'Maureen Lipman', 'Jessica Kate Meyer', 'Julia Rayner', 'Wanja Mues', 'Richard Ridings', 'Nomi Sharron', 'Anthony Milner', 'Lucy Skeaping', 'Roddy Skeaping', 'Ben Harlan', 'Thomas Lawinky', 'Joachim Paul Assb繹ck',France,0,0,1,0,0,1,0,0,1,0,0,0,0,0,1
2003,0,時時刻刻,The Hours,https://www.imdb.com/title/tt0274558/?ref_=ev_nom,6+,1h 50m,7.5,136K,Stephen Daldry,"Michael Cunningham, David Hare",Meryl Streep', 'Nicole Kidman', 'Julianne Moore', 'Stephen Dillane', 'Miranda Richardson', 'George Loftus', 'Charley Ramm', 'Sophie Wyburd', 'Lyndsey Marshal', 'Linda Bassett', 'Christian Coulson', 'Michael Culkin', 'John C. Reilly', 'Jack Rovello', 'Toni Collette', 'Margo Martindale', 'Colin Stinton', 'Ed Harris',United States,0,0,0,0,0,1,0,0,0,0,1,0,0,0,0
2003,0,紐約黑幫,Gangs of New York,https://www.imdb.com/title/tt0217505/?ref_=ev_nom,R,2h 47m,7.5,459K,Martin Scorsese,"Jay Cocks, Steven Zaillian, Kenneth Lonergan",Leonardo DiCaprio', 'Cameron Diaz', 'Daniel Day-Lewis', 'Jim Broadbent', 'John C. Reilly', 'Henry Thomas', 'Liam Neeson', 'Brendan Gleeson', 'Gary Lewis', 'Stephen Graham', 'Eddie Marsan', 'Alec McCowen', 'David Hemmings', 'Lawrence Gilliard Jr.', 'Cara Seymour', 'Roger Ashton-Griffiths', 'Peter-Hugo Daly', 'Cian McCormack',Italy,0,0,0,0,1,1,0,0,0,0,0,0,0,0,0
2003,0,魔戒二部曲：雙城奇謀,The Lord of the Rings: The Two Towers,https://www.imdb.com/title/tt0167261/?ref_=ev_nom,6+,2h 59m,8.8,1.7M,Peter Jackson,"J.R.R. Tolkien, Fran Walsh, Philippa Boyens",Elijah Wood', 'Ian McKellen', 'Viggo Mortensen', 'Orlando Bloom', 'Bruce Allpress', 'Sean Astin', 'John Bach', 'Sala Baker', 'Cate Blanchett', 'Billy Boyd', 'Jed Brophy', 'Sam Comery', 'Brad Dourif', 'Calum Gittins', 'Bernard Hill', 'Bruce Hopkins', 'Paris Howe Strewe', 'Christopher Lee',New Zealand,1,1,0,0,0,1,1,0,0,0,0,0,0,0,0
2004,1,魔戒三部曲：王者再臨,The Lord of the Rings: The Return of the King,https://www.imdb.com/title/tt0167260/?ref_=ev_nom,unrated,3h 21m,9,1.9M,Peter Jackson,"J.R.R. Tolkien, Fran Walsh, Philippa Boyens",Elijah Wood', 'Viggo Mortensen', 'Ian McKellen', 'Orlando Bloom', 'Noel Appleby', 'Ali Astin', 'Sean Astin', 'David Aston', 'John Bach', 'Sean Bean', 'Cate Blanchett', 'Billy Boyd', 'Sadwyn Brophy', 'Alistair Browning', 'Marton Csokas', 'Richard Edge', 'Jason Fitch', 'Bernard Hill',New Zealand,1,1,0,0,0,1,1,0,0,0,0,0,0,0,0
2004,0,奔騰年代,Seabiscuit,https://www.imdb.com/title/tt0329575/?ref_=ev_nom,PG-13,2h 20m,7.3,76K,Gary Ross,"Laura Hillenbrand, Gary Ross",Tobey Maguire', 'Jeff Bridges', 'Elizabeth Banks', 'Chris Cooper', 'David McCullough'," ""Paul Vincent O'Connor""", 'Michael Ensign', 'James Keane', 'Valerie Mahaffey', 'David Doty', 'Carl M. Craig'," ""Michael O'Neill""", 'Annie Corley', 'Michael Angarano', 'Cameron Bowen', 'Noah Luke', 'Mariah Bess', 'Jamie Lee Redmon',United States,0,0,0,0,0,1,0,1,0,0,0,0,1,0,0
2004,0,怒海爭鋒：極地征伐,Master and Commander: The Far Side of the World,https://www.imdb.com/title/tt0311113/?ref_=ev_nom,PG-13,2h 18m,7.5,231K,Peter Weir,"Patrick OBrian, Peter Weir, John Collee",Russell Crowe', 'Paul Bettany', 'Billy Boyd'," ""James D'Arcy""", 'Edward Woodall', 'Chris Larkin', 'Max Pirkis', 'Jack Randall', 'Max Benitz', 'Lee Ingleby', 'Richard Pates', 'Robert Pugh', 'Richard McCabe', 'Ian Mercer', 'Tony Dolan', 'David Threlfall', 'Bryan Dick', 'Joseph Morgan',United States,1,1,0,0,0,1,0,0,0,0,0,0,0,0,1
2004,0,愛情，不用翻譯,Lost in Translation,https://www.imdb.com/title/tt0335266/?ref_=ev_nom,12+,1h 42m,7.7,473K,Sofia Coppola,Sofia Coppola,Bill Murray', 'Scarlett Johansson', 'Giovanni Ribisi', 'Anna Faris', 'Akiko Takeshita', 'Kazuyoshi Minamimagoe', 'Kazuko Shibata', 'Take', 'Ryuichiro Baba', 'Akira Yamaguchi', 'Catherine Lambert', 'Fran癟ois du Bois', 'Tim Leffman', 'Gregory Pekar', 'Richard Allen', 'Diamond Yukai', 'Jun Maki', 'Nao Asuka',United States,0,0,0,1,0,1,0,0,0,0,0,0,0,0,0
2004,0,神秘河流,Mystic River,https://www.imdb.com/title/tt0327056/?ref_=ev_nom,16+,2h 18m,7.9,472K,Clint Eastwood,"Brian Helgeland, Dennis Lehane",Sean Penn', 'Tim Robbins', 'Kevin Bacon', 'Emmy Rossum', 'Laurence Fishburne', 'Marcia Gay Harden', 'Laura Linney', 'Kevin Chapman', 'Tom Guiry', 'Spencer Treat Clark', 'Andrew Mackin', 'Adam Nelson', 'Robert Wahlberg'," ""Jenny O'Hara""", 'John Doman', 'Cameron Bowen', 'Jason Kelly', 'Connor Paolo',United States,0,0,0,0,1,1,0,0,0,1,0,0,0,1,0
2005,1,登峰造擊,Million Dollar Baby,https://www.imdb.com/title/tt0405159/?ref_=ev_nom,PG-12,2h 12m,8.1,706K,Clint Eastwood,"Paul Haggis, F.X. Toole",Hilary Swank', 'Clint Eastwood', 'Morgan Freeman', 'Jay Baruchel', 'Mike Colter', 'Lucia Rijker'," ""Br穩an F. O'Byrne""", 'Anthony Mackie', 'Margo Martindale', 'Riki Lindhome', 'Michael Pe簽a', 'Benito Martinez', 'Bruce MacVittie', 'David Powledge'," ""Joe D'Angerio""", 'Marcus Chait', 'Tom McCleister', 'Erica Grant',United States,0,0,0,0,0,1,0,0,0,0,0,0,1,0,0
2005,0,尋找新方向,Sideways,https://www.imdb.com/title/tt0375063/?ref_=ev_nom,R-18,2h 7m,7.5,198K,Alexander Payne,"Rex Pickett, Alexander Payne, Jim Taylor",Paul Giamatti', 'Thomas Haden Church', 'Virginia Madsen', 'Sandra Oh', 'Marylouise Burke', 'Jessica Hecht', 'Missy Doty', 'M.C. Gainey', 'Alysia Reiner', 'Shake Tukhmanyan', 'Shaun Duke', 'Robert Covarrubias', 'Patrick Gallagher', 'Stephanie Faracy', 'Joe Marinelli', 'Chris Burroughs', 'Toni Howard', 'Khoren Babouchian',United States,0,0,0,1,0,1,0,0,0,0,1,0,0,0,0
2005,0,尋找新樂園,Finding Neverland,https://www.imdb.com/title/tt0308644/?ref_=ev_nom,GP,1h 46m,7.7,210K,Marc Forster,"Allan Knee, David Magee",Johnny Depp', 'Kate Winslet', 'Julie Christie', 'Radha Mitchell', 'Dustin Hoffman', 'Freddie Highmore', 'Joe Prospero', 'Nick Roud', 'Luke Spill', 'Ian Hart', 'Kelly Macdonald', 'Mackenzie Crook', 'Eileen Essell', 'Jimmy Gardner', 'Oliver Fox', 'Angus Barnett', 'Toby Jones', 'Kate Maberly',United States,0,0,1,0,0,1,0,0,0,0,0,0,0,0,0
2005,0,神鬼玩家,The Aviator,https://www.imdb.com/title/tt0338751/?ref_=ev_nom,PG-12,2h 50m,7.5,375K,Martin Scorsese,John Logan,Leonardo DiCaprio', 'Cate Blanchett', 'Kate Beckinsale', 'John C. Reilly', 'Alec Baldwin', 'Alan Alda', 'Ian Holm', 'Danny Huston', 'Gwen Stefani', 'Jude Law', 'Adam Scott', 'Matt Ross', 'Kelli Garner', 'Frances Conroy', 'Brent Spiner', 'Stanley DeSantis', 'Edward Herrmann', 'Willem Dafoe',United States,0,0,1,0,0,1,0,0,0,0,0,0,0,0,0
2005,0,雷之心靈傳奇,Ray,https://www.imdb.com/title/tt0350258/?ref_=ev_nom,PG-12,2h 32m,7.7,154K,Taylor Hackford,"Taylor Hackford, James L. White",Jamie Foxx', 'Regina King', 'Kerry Washington', 'Clifton Powell', 'Harry Lennix', 'Bokeem Woodbine', 'Aunjanue Ellis-Taylor', 'Sharon Warren', 'C.J. Sanders', 'Curtis Armstrong', 'Richard Schiff', 'Larenz Tate', 'Terrence Howard', 'David Krumholtz', 'Wendell Pierce', 'Chris Thomas King', 'Thomas Jefferson Byrd', 'Rick Gomez',United States,0,0,1,0,0,1,0,0,1,0,0,0,0,0,0
2006,1,衝擊效應,Crash,https://www.imdb.com/title/tt0375679/?ref_=ev_nom,R-12,1h 52m,7.7,444K,Paul Haggis,"Paul Haggis, Bobby Moresco",Don Cheadle', 'Sandra Bullock', 'Thandiwe Newton', 'Karina Arroyave', 'Dato Bakhtadze', 'Art Chudabala', 'Sean Cory', 'Tony Danza', 'Keith David', 'Loretta Devine', 'Matt Dillon', 'Jennifer Esposito', 'Ime Etuk', 'Eddie J. Fernandez', 'William Fichtner', 'Howard Fong', 'Brendan Fraser', 'Billy Gallo',United States,0,0,0,0,1,1,0,0,0,0,0,0,0,1,0
2006,0,慕尼黑,Munich,https://www.imdb.com/title/tt0408306/?ref_=ev_nom,R,2h 44m,7.5,234K,Steven Spielberg,"Tony Kushner, Eric Roth, George Jonas",Eric Bana', 'Daniel Craig', 'Marie-Jos矇e Croze', 'Ciar獺n Hinds', 'Mathieu Kassovitz', 'Hanns Zischler', 'Ayelet Zurer', 'Geoffrey Rush', 'Gila Almagor', 'Michael Lonsdale', 'Mathieu Amalric', 'Moritz Bleibtreu', 'Valeria Bruni Tedeschi', 'Meret Becker', 'Yvan Attal', 'Ami Weinberg', 'Lynn Cohen', 'Amos Lavi',United States,1,0,0,0,0,1,0,1,0,0,0,0,0,1,0
2006,0,斷背山,Brokeback Mountain,https://www.imdb.com/title/tt0388795/?ref_=ev_nom,R-12,2h 14m,7.7,372K,Ang Lee,"Annie Proulx, Larry McMurtry, Diana Ossana",Jake Gyllenhaal', 'Heath Ledger', 'Michelle Williams', 'Randy Quaid', 'Valerie Planche', 'Dave Trimble', 'Victor Reyes', 'Lachlan Mackintosh', 'Larry Reese', 'Marty Antonini', 'Tom Carey', 'Dan McDougall', 'Don Bland', 'Steven Cree Molison', 'Anne Hathaway', 'Duval Lang', 'Dean Barrett', 'Hannah Stewart',United States,0,0,0,0,0,1,0,0,0,0,1,0,0,0,0
2006,0,晚安，祝你好運,"Good Night, and Good Luck.",https://www.imdb.com/title/tt0433383/?ref_=ev_nom,PG,1h 33m,7.4,100K,George Clooney,"George Clooney, Grant Heslov",David Strathairn', 'George Clooney', 'Patricia Clarkson', 'Jeff Daniels', 'Alex Borstein', 'Rose Abdoo', 'Dianne Reeves', 'Peter Martin', 'Christoph Luty', 'Jeff Hamilton', 'Matt Catingub', 'Tate Donovan', 'Reed Diamond', 'Matt Ross', 'Robert Downey Jr.', 'Tom McCarthy', 'Glenn Morshower', 'Don Creech',United States,0,0,1,0,0,1,0,1,0,0,0,0,0,0,0
2006,0,柯波帝：冷血告白,Capote,https://www.imdb.com/title/tt0379725/?ref_=ev_nom,R,1h 54m,7.3,138K,Bennett Miller,"Dan Futterman, Gerald Clarke",Philip Seymour Hoffman', 'Clifton Collins Jr.', 'Catherine Keener', 'Allie Mickelson', 'Kelci Stephenson', 'Craig Archibald', 'Bronwen Coleman', 'Kate Shindle', 'David Wilson Barnes', 'Michael J. Burg', 'Kwesi Ameyaw', 'Andrew Farago', 'Ken Krotowich', 'Chris Cooper', 'R.D. Reid', 'Rob McLaughlin', 'Harry Nelken', 'Jon Ted Wynne',United States,0,0,1,0,1,1,0,1,0,0,0,0,0,0,0
2007,1,神鬼無間,The Departed,https://www.imdb.com/title/tt0407887/?ref_=ev_nom,18 +,2h 31m,8.5,1.4M,Martin Scorsese,"William Monahan, Alan Mak, Felix Chong",Leonardo DiCaprio', 'Matt Damon', 'Jack Nicholson', 'Mark Wahlberg', 'Martin Sheen', 'Ray Winstone', 'Vera Farmiga', 'Anthony Anderson', 'Alec Baldwin', 'Kevin Corrigan', 'James Badge Dale'," ""David O'Hara""", 'Mark Rolston', 'Robert Wahlberg', 'Kristen Dalton', 'Thomas B. Duffy', 'Richard Hughes', 'J.C. MacKenzie',United States,0,0,0,0,1,1,0,0,0,0,0,0,0,1,0
2007,0,來自硫磺島的信,Letters from Iwo Jima,https://www.imdb.com/title/tt0498380/?ref_=ev_nom,R,2h 21m,7.8,167K,Clint Eastwood,"Iris Yamashita, Paul Haggis, Tadamichi Kuribayashi",Ken Watanabe', 'Kazunari Ninomiya', 'Tsuyoshi Ihara', 'Ryo Kase', 'Shid繫 Nakamura', 'Hiroshi Watanabe', 'Takumi Bando', 'Yuki Matsuzaki', 'Takashi Yamaguchi', 'Eijiro Ozaki', 'Nae', 'Nobumasa Sakagami', 'Lucas Elliot Eberl', 'Sonny Saito', 'Steve Santa Sekiyoshi', 'Hiro Abe', 'Toshiya Agata', 'Yoshi Ishii',United States,1,1,0,0,0,1,0,1,0,0,0,0,0,0,1
2007,0,小太陽的願望,Little Miss Sunshine,https://www.imdb.com/title/tt0449059/?ref_=ev_nom,PG-12,1h 41m,7.8,503K,"Jonathan Dayton, Valerie Faris",Michael Arndt,Steve Carell', 'Toni Collette', 'Greg Kinnear', 'Abigail Breslin', 'Paul Dano', 'Alan Arkin', 'Marc Turtletaub', 'Jill Talley', 'Brenda Canela', 'Julio Oscar Mechoso', 'Chuck Loring', 'Justin Shilton', 'Gordon Thomson', 'Steven Christopher Parker', 'Bryan Cranston', 'John Walcutt', 'Paula Newsome', 'Dean Norris',United States,0,0,0,1,0,1,0,0,0,0,0,0,0,0,0
2007,0,火線交錯,Babel,https://www.imdb.com/title/tt0449467/?ref_=ev_nom,R-12,2h 23m,7.5,312K,Alejandro G. I__rritu,"Guillermo Arriaga, Alejandro G. I__rritu",Brad Pitt', 'Cate Blanchett', 'Gael Garc穩a Bernal', 'Mohamed Akhzam', 'Peter Wight', 'Harriet Walter', 'Trevor Martin', 'Matyelok Gibbs', 'Georges Bousquet', 'Claudine Acs', 'Andr矇 Oumansky', 'Michael Maloney', 'Dermot Crowley', 'Wendy Nottingham', 'Henry Maratray', 'Linda Broughton', 'Jean Marc Hulot', 'Aline Mowat',United States,0,0,0,0,0,1,0,0,0,0,0,0,0,0,0
2007,0,黛妃與女皇,The Queen,https://www.imdb.com/title/tt0436697/?ref_=ev_nom,PG-13,1h 43m,7.3,114K,Stephen Frears,Peter Morgan,Helen Mirren', 'Michael Sheen', 'James Cromwell', 'Alex Jennings', 'Roger Allam', 'Sylvia Syms', 'Tim McMullan', 'Robin Soans', 'Lola Peploe', 'Douglas Reith', 'Joyce Henderson', 'Pat Laffan', 'Amanda Hadingue', 'John McGlynn'," ""Gray O'Brien""", 'Dolina MacLennan', 'Jake Taylor Shantos', 'Dash Barber',United Kingdom,0,0,1,0,0,1,0,0,0,0,0,0,0,0,0
2008,1,險路勿近,No Country for Old Men,https://www.imdb.com/title/tt0477348/?ref_=ev_nom,R-18,2h 2m,8.2,1M,"Ethan Coen, Joel Coen","Joel Coen, Ethan Coen, Cormac McCarthy",Tommy Lee Jones', 'Javier Bardem', 'Josh Brolin', 'Woody Harrelson', 'Kelly Macdonald', 'Garret Dillahunt', 'Tess Harper', 'Barry Corbin', 'Stephen Root', 'Rodger Boyce', 'Beth Grant', 'Ana Reeder', 'Kit Gwin', 'Zach Hopkins', 'Chip Love', 'Eduardo Antonio Garcia', 'Gene Jones', 'Myk Watford',United States,0,0,0,0,1,1,0,0,0,0,0,0,0,1,0
2008,0,全面反擊,Michael Clayton,https://www.imdb.com/title/tt0465538/?ref_=ev_nom,R-12,1h 59m,7.2,171K,Tony Gilroy,Tony Gilroy,George Clooney', 'Tilda Swinton', 'Tom Wilkinson'," ""Michael O'Keefe""", 'Sydney Pollack', 'Danielle Skraastad', 'Wai Chan', 'Alberto Vazquez', 'Brian Koppelman', 'Tom McCarthy'," ""Denis O'Hare""", 'Julie White', 'Austin Williams', 'Jennifer Van Dyck', 'Frank Wood', 'Richard Hecht', 'Bill Raymond', 'Jonathan Walker',United States,0,0,0,0,1,1,0,0,0,1,0,0,0,1,0
2008,0,贖罪,Atonement,https://www.imdb.com/title/tt0783233/?ref_=ev_nom,PG-12,2h 3m,7.8,291K,Joe Wright,"Ian McEwan, Christopher Hampton",Keira Knightley', 'James McAvoy', 'Brenda Blethyn', 'Saoirse Ronan', 'Ailidh Mackay', 'Julia West', 'Harriet Walter', 'Juno Temple', 'Felix von Simson', 'Charlie von Simson', 'Alfie Allen', 'Patrick Kennedy', 'Benedict Cumberbatch', 'Peter Wight', 'Leander Deeny'," ""Peter McNeil O'Connor""", 'Daniel Mays', 'Nonso Anozie',United Kingdom,0,0,0,0,0,1,0,0,0,1,1,0,0,0,1
2008,0,鴻孕當頭,Juno,https://www.imdb.com/title/tt0467406/?ref_=ev_nom,PG-12,1h 36m,7.5,539K,Jason Reitman,Diablo Cody,Elliot Page', 'Michael Cera', 'Jennifer Garner', 'Jason Bateman', 'Allison Janney', 'J.K. Simmons', 'Olivia Thirlby', 'Eileen Pedde', 'Rainn Wilson', 'Daniel Clark', 'Darla Fay', 'Aman Johal', 'Valerie Tian', 'Emily Perkins', 'Kaaren de Zilva', 'Steven Christopher Parker', 'Candice King', 'Sierra Pitkin',United States,0,0,0,1,0,1,0,0,0,0,0,0,0,0,0
2008,0,黑金企業,There Will Be Blood,https://www.imdb.com/title/tt0469494/?ref_=ev_nom,R-12,2h 38m,8.2,616K,Paul Thomas Anderson,"Paul Thomas Anderson, Upton Sinclair",Daniel Day-Lewis', 'Paul Dano', 'Ciar獺n Hinds', 'Martin Stringer', 'Matthew Braden Stringer', 'Jacob Stringer', 'Joseph Mussey', 'Barry Del Sherman', 'Harrison Taylor', 'Stockton Taylor', 'Paul F. Tompkins', 'Dillon Freasier', 'Kevin Breznahan', 'Jim Meskimen', 'Erica Sullivan', 'Randall Carver', 'Coco Leigh', 'Sydney McCallister',United States,0,0,0,0,0,1,0,0,0,0,0,0,0,0,0
2009,1,貧民百萬富翁,Slumdog Millionaire,https://www.imdb.com/title/tt1010048/?ref_=ev_nom,12+,2h,8,864K,"Danny Boyle, Loveleen Tandan","Simon Beaufoy, Vikas Swarup",Dev Patel', 'Freida Pinto', 'Saurabh Shukla', 'Anil Kapoor', 'Raj Zutshi', 'Jeneva Talwar', 'Irrfan Khan', 'Azharuddin Mohammed Ismail', 'Ayush Mahesh Khedekar', 'Jira Banjara', 'Sheikh Wali', 'Mahesh Manjrekar', 'Sanchita Choudhary', 'Himanshu Tyagi', 'Sharib Hashmi', 'Virendra Chatterjee', 'Feroze Khan', 'Sunil Kumar Agrawal',United Kingdom,0,0,0,0,1,1,0,0,0,0,1,0,0,0,0
2009,0,為愛朗讀,The Reader,https://www.imdb.com/title/tt0976051/?ref_=ev_nom,18 +,2h 4m,7.6,254K,Stephen Daldry,"David Hare, Bernhard Schlink",Kate Winslet', 'Ralph Fiennes', 'Bruno Ganz', 'Jeanette Hain', 'David Kross', 'Susanne Lothar', 'Alissa Wilms', 'Florian Bartholom瓣i', 'Friederike Becht', 'Matthias Habich', 'Frieder Venus', 'Marie-Anne Fliegel', 'Hendrik Arnst', 'Rainer Sellien', 'Torsten Michaelis', 'Moritz Grove', 'Joachim Tomaschewsky', 'Barbara Philipp',Germany,0,0,0,0,0,1,0,0,0,0,1,0,0,0,0
2009,0,班傑明的奇幻旅程,The Curious Case of Benjamin Button,https://www.imdb.com/title/tt0421715/?ref_=ev_nom,6 +,2h 46m,7.8,676K,David Fincher,"Eric Roth, Robin Swicord, F. Scott Fitzgerald",Brad Pitt', 'Cate Blanchett', 'Tilda Swinton', 'Julia Ormond', 'Faune Chambers Watkins', 'Elias Koteas', 'Donna Duplantier', 'Jacob Tolano', 'Earl Maddox', 'Ed Metzger', 'Jason Flemyng', 'Danny Vinson', 'David Jensen', 'Joeanna Sayler', 'Taraji P. Henson', 'Mahershala Ali', 'Fiona Hale'," ""Patrick Thomas O'Brien""",United States,0,0,0,0,0,1,1,0,0,0,1,0,0,0,0
2009,0,自由大道,Milk,https://www.imdb.com/title/tt1013753/?ref_=ev_nom,R,2h 8m,7.5,177K,Gus Van Sant,Dustin Lance Black,Sean Penn', 'Josh Brolin', 'Emile Hirsch', 'Diego Luna', 'James Franco', 'Alison Pill', 'Victor Garber'," ""Denis O'Hare""", 'Joseph Cross', 'Stephen Spinella', 'Lucas Grabeel', 'Brandon Boyce', 'Howard Rosenman', 'Kelvin Yu', 'Jeff Koons', 'Ted Jan Roberts', 'Boyd Holbrook', 'Frank M. Robinson',United States,0,0,1,0,0,1,0,1,0,0,0,0,0,0,0
2009,0,請問總統先生,Frost/Nixon,https://www.imdb.com/title/tt0870111/?ref_=ev_nom,R,2h 2m,7.7,111K,Ron Howard,Peter Morgan,Frank Langella', 'Michael Sheen', 'Kevin Bacon', 'Sam Rockwell', 'Matthew Macfadyen', 'Oliver Platt', 'Rebecca Hall', 'Toby Jones', 'Andy Milder', 'Kate Jennings Grant', 'Gabriel Jarret', 'Jim Meskimen', 'Patty McCormack', 'Geoffrey Blake', 'Clint Howard', 'Rance Howard', 'Gavin Grazer', 'Simon James',United Kingdom,0,0,1,0,0,1,0,1,0,0,0,0,0,0,0
2010,1,危機倒數,The Hurt Locker,https://www.imdb.com/title/tt0887912/?ref_=ev_nom,12+,2h 11m,7.5,465K,Kathryn Bigelow,Mark Boal,Jeremy Renner', 'Anthony Mackie', 'Brian Geraghty', 'Guy Pearce', 'Ralph Fiennes', 'David Morse', 'Evangeline Lilly', 'Christian Camargo', 'Suhail Dabbach', 'Christopher Sayegh', 'Nabil Koni', 'Sam Spruell', 'Sam Redford', 'Feisal Sadoun', 'Barrie Rice', 'Imad Dadudi', 'Erin Gann', 'Justin Campbell',United States,0,0,0,0,0,1,0,0,0,0,0,0,0,1,1
2010,0,名媛教育,An Education,https://www.imdb.com/title/tt1174732/?ref_=ev_nom,PG-13,1h 40m,7.3,137K,Lone Scherfig,"Lynn Barber, Nick Hornby",Carey Mulligan', 'Peter Sarsgaard', 'Alfred Molina', 'Olivia Williams', 'Cara Seymour', 'William Melling', 'Connor Catchpole', 'Matthew Beard', 'Amanda Fairbank-Hynes', 'Ellie Kendrick', 'Dominic Cooper', 'Rosamund Pike', 'Nick Sampson', 'Kate Duch礙ne', 'Bel Parker', 'Emma Thompson', 'Luis Soto', 'Olenka Wrzesniewski',United Kingdom,0,0,0,0,0,1,0,0,0,0,0,0,0,0,0
2010,0,型男飛行日誌,Up in the Air,https://www.imdb.com/title/tt1193138/?ref_=ev_nom,12+,1h 49m,7.4,344K,Jason Reitman,"Walter Kirn, Jason Reitman, Sheldon Turner",George Clooney', 'Vera Farmiga', 'Anna Kendrick', 'Jason Bateman', 'Amy Morton', 'Melanie Lynskey', 'J.K. Simmons', 'Sam Elliott', 'Danny McBride', 'Zach Galifianakis', 'Christopher Lowell', 'Steve Eastin', 'Marvin Young', 'Cut Chemist', 'Adrienne Lamping', 'Meagan Flynn', 'Dustin Miles', 'Tamara Tungate',United States,0,0,0,1,0,1,0,0,0,0,1,0,0,0,0
2010,0,天外奇蹟,Up,https://www.imdb.com/title/tt1049413/?ref_=ev_nom,GP,1h 36m,8.3,1.1M,"Pete Docter, Bob Peterson","Pete Docter, Bob Peterson, Tom McCarthy",Edward Asner', 'Jordan Nagai', 'John Ratzenberger', 'Christopher Plummer', 'Bob Peterson', 'Delroy Lindo', 'Jerome Ranft', 'David Kaye', 'Elie Docter', 'Jeremy Leary', 'Mickie McGowan', 'Danny Mann', 'Donald Fullilove', 'Jess Harnell', 'Josh Cooley', 'Pete Docter', 'Mark Andrews', 'Bob Bergen',United States,0,1,0,1,0,1,0,0,0,0,0,0,0,0,0
2010,0,惡棍特工,Inglourious Basterds,https://www.imdb.com/title/tt0361748/?ref_=ev_nom,18 +,2h 33m,8.3,1.5M,Quentin Tarantino,Quentin Tarantino,Brad Pitt', 'Diane Kruger', 'Eli Roth', 'M矇lanie Laurent', 'Christoph Waltz', 'Michael Fassbender', 'Daniel Br羹hl', 'Til Schweiger', 'Gedeon Burkhard', 'Jacky Ido', 'B.J. Novak', 'Omar Doom', 'August Diehl', 'Denis M矇nochet', 'Sylvester Groth', 'Martin Wuttke', 'Mike Myers', 'Julie Dreyfus',Germany,0,1,0,0,0,1,0,0,0,0,0,0,0,0,1
2010,0,攻其不備,The Blind Side,https://www.imdb.com/title/tt0878804/?ref_=ev_nom,PG-12,2h 9m,7.6,350K,John Lee Hancock,"John Lee Hancock, Michael Lewis",Quinton Aaron', 'Sandra Bullock', 'Tim McGraw', 'Jae Head', 'Lily Collins', 'Ray McKinnon', 'Kim Dickens', 'Adriane Lenox', 'Kathy Bates', 'Catherine Dyer', 'Andy Stahl', 'Tom Nowicki', 'Libby Whittemore', 'Brian Hollan', 'Melody Weintraub', 'Sharon Conley', 'Omar J. Dorsey', 'Paul Amadi',United States,0,0,1,0,0,1,0,0,0,0,0,0,1,0,0
2010,0,正經好人,A Serious Man,https://www.imdb.com/title/tt1019452/?ref_=ev_nom,16+,1h 46m,7,147K,"Ethan Coen, Joel Coen","Joel Coen, Ethan Coen",Michael Stuhlbarg', 'Richard Kind', 'Sari Lennick', 'Fred Melamed', 'Aaron Wolff', 'Jessica McManus', 'Peter Breitmayer', 'Brent Braunschweig', 'David Kang', 'Benjamin Portnoe', 'Jack Swiler', 'Andrew S. Lentz', 'Jon Kaminski Jr.', 'Ari Hoptman', 'Alan Mandell', 'Amy Landecker', 'George Wyner', 'Michael Tezla',United Kingdom,0,0,0,1,0,1,0,0,0,0,0,0,0,0,0
2010,0,珍愛人生,Precious,https://www.imdb.com/title/tt0929632/?ref_=ev_nom,R,1h 50m,7.3,114K,Lee Daniels,"Geoffrey Fletcher, Sapphire",Gabourey Sidibe'," ""Mo'Nique""", 'Paula Patton', 'Mariah Carey', 'Sherri Shepherd', 'Lenny Kravitz', 'Stephanie Andujar', 'Chyna Layne', 'Amina Robinson', 'Xosha Roquemore', 'Angelic Zambrana', 'Aunt Dot', 'Nealla Gordon', 'Grace Hightower', 'Barret Helms', 'Kimberly Russell', 'Bill Sage', 'Susan Taylor',United States,0,0,0,0,0,1,0,0,0,0,0,0,0,0,0
2010,0,第九禁區,District 9,https://www.imdb.com/title/tt1136608/?ref_=ev_nom,12+,1h 52m,7.9,701K,Neill Blomkamp,"Neill Blomkamp, Terri Tatchell",Sharlto Copley', 'David James', 'Jason Cope', 'Nathalie Boltt', 'Sylvaine Strike', 'Elizabeth Mkandawie', 'John Sumner', 'William Allen Young', 'Greg Melvill-Smith', 'Nick Blake', 'Morena Busa Sesatsa', 'Themba Nkosi', 'Mzwandile Nqoba', 'Barry Strydom', 'Jed Brophy', 'Louis Minnaar', 'Vanessa Haywood', 'Marian Hooman',South Africa,1,0,0,0,0,0,0,0,0,0,0,1,0,1,0
2010,0,阿凡達,Avatar,https://www.imdb.com/title/tt0499549/?ref_=ev_nom,GP,2h 42m,7.9,1.4M,James Cameron,James Cameron,Sam Worthington', 'Zoe Saldana', 'Sigourney Weaver', 'Michelle Rodriguez', 'Stephen Lang', 'Giovanni Ribisi', 'Joel David Moore', 'CCH Pounder', 'Wes Studi', 'Laz Alonso', 'Dileep Rao', 'Matt Gerald', 'Sean Anthony Moran', 'Jason Whyte', 'Scott Lawrence', 'Kelly Kilgour', 'James Patrick Pitt', 'Sean Patrick Murphy',United States,1,1,0,0,0,0,1,0,0,0,0,1,0,0,0
2011,1,王者之聲：宣戰時刻,The King's Speech,https://www.imdb.com/title/tt1504320/?ref_=ev_nom,GP,1h 58m,8,696K,Tom Hooper,David Seidler,Colin Firth', 'Geoffrey Rush', 'Helena Bonham Carter', 'Derek Jacobi', 'Robert Portal', 'Richard Dixon', 'Paul Trussell', 'Adrian Scarborough', 'Andrew Havill', 'Charles Armstrong', 'Roger Hammond', 'Calum Gittins', 'Jennifer Ehle', 'Dominic Applewhite', 'Ben Wimsett', 'Freya Wilson', 'Ramona Marquez', 'David Bamber',United Kingdom,0,0,1,0,0,1,0,1,0,0,0,0,0,0,0
2011,0,127小時,127 Hours,https://www.imdb.com/title/tt1542344/?ref_=ev_nom,R,1h 34m,7.5,391K,Danny Boyle,"Danny Boyle, Simon Beaufoy, Aron Ralston",James Franco', 'Amber Tamblyn', 'Kate Mara', 'Sean Bott', 'Koleman Stinger', 'Treat Williams', 'John Lawrence', 'Kate Burton', 'Bailee Michelle Johnson', 'Parker Hadley', 'Cl矇mence Po矇sy', 'Fenton Quinn', 'Lizzy Caplan', 'Peter Joshua Hull', 'Pieter Jan Brugge', 'Rebecca C. Olson', 'Jeffrey Wood', 'Norman Lehnert',United States,0,0,1,0,0,1,0,0,0,0,0,0,0,0,0
2011,0,全面啟動,Inception,https://www.imdb.com/title/tt1375666/?ref_=ev_nom,PG-12,2h 28m,8.8,2.5M,Christopher Nolan,Christopher Nolan,Leonardo DiCaprio', 'Joseph Gordon-Levitt', 'Elliot Page', 'Ken Watanabe', 'Tom Hardy', 'Dileep Rao', 'Cillian Murphy', 'Tom Berenger', 'Marion Cotillard', 'Pete Postlethwaite', 'Michael Caine', 'Lukas Haas', 'Tai-Li Lee', 'Claire Geare', 'Magnus Nolan', 'Taylor Geare', 'Johnathan Geare', 'Tohoru Masamune',United States,1,1,0,0,0,0,0,0,0,0,0,1,0,1,0
2011,0,冰封之心,Winter's Bone,https://www.imdb.com/title/tt1399683/?ref_=ev_nom,R,1h 40m,7.1,147K,Debra Granik,"Debra Granik, Anne Rosellini, Daniel Woodrell",Jennifer Lawrence', 'John Hawkes', 'Garret Dillahunt', 'Isaiah Stone', 'Ashlee Thompson', 'Valerie Richards', 'Shelley Waggener', 'William White', 'Ramona Blair', 'Lauren Sweetser', 'Andrew Burnley', 'Philip Burnley', 'Isaac Skidmore', 'Cody Brown', 'Cinnamon Schultz', 'Casey MacLaren', 'Kevin Breznahan', 'Dale Dickey',United States,0,0,0,0,0,1,0,0,0,1,0,0,0,0,0
2011,0,性福拉警報,The Kids Are All Right,https://www.imdb.com/title/tt0842926/?ref_=ev_nom,R,1h 46m,7,133K,Lisa Cholodenko,"Lisa Cholodenko, Stuart Blumberg",Annette Bening', 'Julianne Moore', 'Mark Ruffalo', 'Mia Wasikowska', 'Josh Hutcherson', 'Yaya DaCosta', 'Kunal Sharma', 'Eddie Hassell', 'Zosia Mamet', 'Joaqu穩n Garrido', 'Rebecca Lawrence Levy', 'Lisa Eisner', 'Eric Eisner', 'Sasha Spielberg', 'James MacDonald', 'Margo Victor', 'Stuart Blumberg', 'Diego Calder籀n',United States,0,0,0,1,0,1,0,0,0,0,1,0,0,0,0
2011,0,燃燒鬥魂,The Fighter,https://www.imdb.com/title/tt0964517/?ref_=ev_nom,12+,1h 56m,7.8,381K,David O. Russell,"Scott Silver, Paul Tamasy, Eric Johnson",Mark Wahlberg', 'Christian Bale', 'Amy Adams', 'Melissa Leo'," ""Mickey O'Keefe""", 'Jack McGee', 'Melissa McMeekin', 'Bianca Hunter', 'Erica McDermott', 'Jill Quigg', 'Dendrie Taylor'," ""Kate B. O'Brien""", 'Jenna Lamia', 'Frank Renzulli', 'Paul Campbell', 'Caitlin Dwyer', 'Chanty Sok', 'Ted Arcidi',United States,1,0,1,0,0,1,0,0,0,0,0,0,1,0,0
2011,0,玩具總動員3,Toy Story 3,https://www.imdb.com/title/tt0435761/?ref_=ev_nom,GP,1h 43m,8.3,867K,Lee Unkrich,"John Lasseter, Andrew Stanton, Lee Unkrich",Tom Hanks', 'Tim Allen', 'Joan Cusack', 'Ned Beatty', 'Don Rickles', 'Michael Keaton', 'Wallace Shawn', 'John Ratzenberger', 'Estelle Harris', 'John Morris', 'Jodi Benson', 'Emily Ricks Hahn', 'Laurie Metcalf', 'Blake Clark', 'Teddy Newton', 'Bud Luckey', 'Bea Miller', 'Javier Fern獺ndez-Pe簽a',United States,0,1,0,1,0,0,1,0,0,0,0,0,0,0,0
2011,0,真實的勇氣,True Grit,https://www.imdb.com/title/tt1403865/?ref_=ev_nom,12+,1h 50m,7.6,350K,"Ethan Coen, Joel Coen","Joel Coen, Ethan Coen, Charles Portis",Jeff Bridges', 'Matt Damon', 'Hailee Steinfeld', 'Josh Brolin', 'Barry Pepper', 'Dakin Matthews', 'Jarlath Conroy', 'Paul Rae', 'Domhnall Gleeson', 'Elizabeth Marvel', 'Roy Lee Jones', 'Ed Corbin', 'Leon Russom', 'Bruce Green', 'Candyce Hinkle', 'Peter Leung', 'Don Pirl', 'Joe Stevens',United States,0,0,0,0,0,1,0,0,0,0,0,0,0,0,0
2011,0,社群網戰,The Social Network,https://www.imdb.com/title/tt1285016/?ref_=ev_nom,12+,2h,7.8,734K,David Fincher,"Aaron Sorkin, Ben Mezrich",Jesse Eisenberg', 'Andrew Garfield', 'Justin Timberlake', 'Rooney Mara', 'Bryan Barter', 'Dustin Fitzsimons', 'Joseph Mazzello', 'Patrick Mapel', 'Toby Meuli', 'Alecia Svensen', 'Jami Owen', 'James Dastoli', 'Robert Dastoli', 'Scotty Crowe', 'Jayk Gallagher', 'Marcella Lentz-Pope', 'Trevor Wright', 'Barry Livingston',United States,0,0,1,0,0,1,0,0,0,0,0,0,0,0,0
2011,0,黑天鵝,Black Swan,https://www.imdb.com/title/tt0947798/?ref_=ev_nom,R-18,1h 48m,8,798K,Darren Aronofsky,"Mark Heyman, Andres Heinz, John J. McLaughlin",Natalie Portman', 'Mila Kunis', 'Vincent Cassel', 'Winona Ryder', 'Barbara Hershey', 'Benjamin Millepied', 'Ksenia Solo', 'Kristina Anapau', 'Janet Montgomery', 'Sebastian Stan', 'Toby Hemingway', 'Sergio Torrado', 'Mark Margolis', 'Tina Sloan', 'Abraham Aronofsky', 'Charlotte Aronofsky', 'Marcia Jean Kurtz'," ""Shaun O'Hagan""",United States,0,0,0,0,0,1,0,0,0,0,0,0,0,1,0
2012,1,大藝術家,The Artist,https://www.imdb.com/title/tt1655442/?ref_=ev_nom,6+,1h 40m,7.9,246K,Michel Hazanavicius,Michel Hazanavicius,Jean Dujardin', 'B矇r矇nice Bejo', 'John Goodman', 'James Cromwell', 'Penelope Ann Miller', 'Missi Pyle', 'Beth Grant', 'Ed Lauter', 'Joel Murray', 'Elizabeth Tulloch', 'Ken Davitian', 'Malcolm McDowell', 'Basil Hoffman', 'Bill Fagerbakke', 'Nina Siemaszko', 'Stephen Mendillo', 'Dash Pomerantz', 'Beau Nelson',France,0,0,0,1,0,1,0,0,0,0,1,0,0,0,0
2012,0,午夜．巴黎,Midnight in Paris,https://www.imdb.com/title/tt1605783/?ref_=ev_nom,GP,1h 34m,7.7,439K,Woody Allen,Woody Allen,Owen Wilson', 'Rachel McAdams', 'Kathy Bates', 'Kurt Fuller', 'Mimi Kennedy', 'Michael Sheen', 'Nina Arianda', 'Carla Bruni', 'Maurice Sonnenberg', 'Thierry Hancisse', 'Guillaume Gouix', 'Audrey Fleurot', 'Marie-Sohna Cond矇', 'Yves Heck', 'Alison Pill', 'Tom Hiddleston', 'Sonia Rolland', 'Corey Stoll',Spain,0,0,0,1,0,0,1,0,0,0,1,0,0,0,0
2012,0,姊妹,The Help,https://www.imdb.com/title/tt1454029/?ref_=ev_nom,U,2h 26m,8.1,478K,Tate Taylor,"Tate Taylor, Kathryn Stockett",Viola Davis', 'Emma Stone', 'Octavia Spencer', 'Bryce Dallas Howard', 'Jessica Chastain'," ""Ahna O'Reilly""", 'Allison Janney', 'Anna Camp', 'Eleanor Henry', 'Emma Henry', 'Christopher Lowell', 'Cicely Tyson', 'Mike Vogel', 'Sissy Spacek', 'Brian Kerwin', 'Wes Chatham', 'Aunjanue Ellis-Taylor', 'Ted Welch',United States,0,0,0,0,0,1,0,0,0,0,0,0,0,0,0
2012,0,心靈鑰匙,Extremely Loud & Incredibly Close,https://www.imdb.com/title/tt0477302/?ref_=ev_nom,PG-13,2h 9m,6.9,104K,Stephen Daldry,"Eric Roth, Jonathan Safran Foer",Thomas Horn', 'Tom Hanks', 'Sandra Bullock', 'Max von Sydow', 'Zoe Caldwell', 'Dennis Hearn', 'Paul Klementowicz', 'Julian Tepper', 'Caleb Reynolds', 'John Goodman', 'Stephen McKinley Henderson', 'Lorna Pruce', 'Viola Davis', 'Jeffrey Wright', 'Hazelle Goodman', 'Bernadette Drayton', 'David Latham', 'Marty Krzywonos',United States,0,1,0,0,0,1,0,0,0,1,0,0,0,0,0
2012,0,戰馬,War Horse,https://www.imdb.com/title/tt1568911/?ref_=ev_nom,6+,2h 26m,7.2,162K,Steven Spielberg,"Lee Hall, Richard Curtis, Michael Morpurgo",Jeremy Irvine', 'Emily Watson', 'David Thewlis', 'Benedict Cumberbatch', 'Peter Mullan', 'Niels Arestrup', 'Tom Hiddleston', 'Celine Buckens', 'Toby Kebbell', 'Patrick Kennedy', 'Leonard Carow', 'David Kross', 'Matt Milne', 'Robert Emms', 'Eddie Marsan', 'Nicolas Bro', 'Rainer Bock', 'Hinnerk Sch繹nemann',United States,1,1,0,0,0,1,0,1,0,0,0,0,0,0,1
2012,0,永生樹,The Tree of Life,https://www.imdb.com/title/tt0478304/?ref_=ev_nom,PG-13,2h 19m,6.8,181K,Terrence Malick,Terrence Malick,Brad Pitt', 'Sean Penn', 'Jessica Chastain', 'Hunter McCracken', 'Laramie Eppler', 'Tye Sheridan', 'Fiona Shaw', 'Jessica Fuselier', 'Nicolas Gonda', 'Will Wallace', 'Kelly Koonce', 'Bryce Boudoin', 'Jimmy Donaldson', 'Kameron Vaughn', 'Cole Cockburn', 'Dustin Allen', 'Brayden Whisenhunt', 'Joanna Going',United States,0,0,0,0,0,1,1,0,0,0,0,0,0,0,0
2012,0,繼承人生,The Descendants,https://www.imdb.com/title/tt1033575/?ref_=ev_nom,12+,1h 55m,7.3,247K,Alexander Payne,"Alexander Payne, Nat Faxon, Jim Rash",George Clooney', 'Shailene Woodley', 'Amara Miller', 'Nick Krause', 'Patricia Hastie', 'Grace A. Cruz', 'Kim Gennaula', 'Karen Kuioka Hironaga', 'Carmen Kaichi', 'Kaui Hart Hemmings', 'Beau Bridges', 'Matt Corboy', 'Matt Esecson', 'Michael Ontkean', 'Stanton Johnston', 'Jon McManus', 'Hugh Foster', 'Tiare R. Finney',United States,0,0,0,1,0,1,0,0,0,0,0,0,0,0,0
2012,0,雨果的冒險,Hugo,https://www.imdb.com/title/tt0970179/?ref_=ev_nom,GP,2h 6m,7.5,331K,Martin Scorsese,"John Logan, Brian Selznick",Asa Butterfield', 'Chlo禱 Grace Moretz', 'Christopher Lee', 'Ben Kingsley', 'Sacha Baron Cohen', 'Ray Winstone', 'Emily Mortimer', 'Helen McCrory', 'Michael Stuhlbarg', 'Frances de la Tour', 'Richard Griffiths', 'Jude Law', 'Kevin Eldon', 'Gulliver McGrath', 'Shaun Aylward', 'Emil Lager', 'Angus Barnett', 'Edmund Kingsley',United States,0,1,0,0,0,1,1,0,0,1,0,0,0,0,0
2012,0,魔球,Moneyball,https://www.imdb.com/title/tt1210166/?ref_=ev_nom,Universal,2h 13m,7.6,447K,Bennett Miller,"Steven Zaillian, Aaron Sorkin, Stan Chervin",Brad Pitt', 'Robin Wright', 'Jonah Hill', 'Philip Seymour Hoffman', 'Chris Pratt', 'Stephen Bishop', 'Reed Diamond', 'Brent Jennings', 'Ken Medlock', 'Tammy Blanchard', 'Jack McGee', 'Vyto Ruginis', 'Nick Searcy', 'Glenn Morshower', 'Casey Bond', 'Nick Porrazzo', 'Kerris Dorsey', 'Arliss Howard',United States,0,0,1,0,0,1,0,0,0,0,0,0,1,0,0
2013,1,亞果出任務,Argo,https://www.imdb.com/title/tt1024648/?ref_=ev_nom,16+,2h,7.7,629K,Ben Affleck,"Chris Terrio, Tony Mendez, Joshuah Bearman",Ben Affleck', 'Bryan Cranston', 'John Goodman', 'Alan Arkin', 'Victor Garber', 'Tate Donovan', 'Clea DuVall', 'Scoot McNairy', 'Rory Cochrane', 'Christopher Denham', 'Kerry Bish矇', 'Kyle Chandler', 'Chris Messina', 'Zeljko Ivanek', 'Titus Welliver', 'Keith Szarabajka', 'Bob Gunton', 'Richard Kind',United Kingdom,0,0,1,0,0,1,0,0,0,0,0,0,0,1,0
2013,0,00:30凌晨密令,Zero Dark Thirty,https://www.imdb.com/title/tt1790885/?ref_=ev_nom,12+,2h 37m,7.4,312K,Kathryn Bigelow,Mark Boal,Jessica Chastain', 'Joel Edgerton', 'Chris Pratt', 'Mark Strong', 'Jason Clarke', 'Reda Kateb', 'Kyle Chandler', 'Jennifer Ehle', 'Harold Perrineau', 'Jeremy Strong', 'J.J. Kandel', 'Wahab Sheikh', 'Alexander Karim', 'Nabil Elouahabi', 'Aymen Hamdouchi', 'Simon Abkarian', 'Ali Marhyar', 'Parker Sawyers',United States,0,0,0,0,0,1,0,1,0,0,0,0,0,1,1
2013,0,南方野獸樂園,Beasts of the Southern Wild,https://www.imdb.com/title/tt2125435/?ref_=ev_nom,PG-13,1h 33m,7.2,84K,Benh Zeitlin,"Lucy Alibar, Benh Zeitlin",Quvenzhan矇 Wallis', 'Dwight Henry', 'Levy Easterly', 'Lowell Landes', 'Pamela Harper', 'Gina Montana', 'Amber Henry', 'Jonshel Alexander', 'Nicholas Clark', 'Joseph Brown', 'Henry D. Coleman', 'Kaliana Brower', 'Philip Lawrence', 'Hannah Holby', 'Jimmy Lee Moore', 'Jovan Hathaway', 'Kendra Harris', 'Marilyn Barbarin',United States,0,1,0,0,0,1,1,0,0,0,0,0,0,0,0
2013,0,少年Pi的奇幻漂流,Life of Pi,https://www.imdb.com/title/tt0454876/?ref_=ev_nom,0+,2h 7m,7.9,652K,Ang Lee,"Yann Martel, David Magee",Suraj Sharma', 'Irrfan Khan', 'Adil Hussain', 'Tabu', 'Ayush Tandon', 'Gautam Belur', 'Ayaan Khan', 'Mohd. Abbas Khaleeli', 'Vibish Sivakumar', 'Rafe Spall', 'G矇rard Depardieu', 'James Saito', 'Jun Naito', 'Andrea Di Stefano', 'Shravanthi Sainath', 'Elie Alouf', 'Padmini Ramachandran', 'T.M. Karthik Srinivasan',United States,0,1,0,0,0,1,1,0,0,0,0,0,0,0,0
2013,0,悲慘世界,Les Mis_rables,https://www.imdb.com/title/tt1707386/?ref_=ev_nom,12+,2h 38m,7.5,339K,Tom Hooper,"William Nicholson, Alain Boublil, Claude-Michel Sch_nberg",Hugh Jackman', 'Russell Crowe', 'Anne Hathaway', 'Amanda Seyfried', 'Sacha Baron Cohen', 'Helena Bonham Carter', 'Eddie Redmayne', 'Aaron Tveit', 'Samantha Barks', 'Daniel Huttlestone', 'Cavin Cornwall', 'Josef Altin', 'Dave Hawley', 'Adam Jones', 'John Barr', 'Tony Rohr', 'Richard Dixon', 'Andy Beckwith',United Kingdom,0,0,0,0,0,1,0,0,1,0,1,0,0,0,0
2013,0,愛．慕,Amour,https://www.imdb.com/title/tt1602620/?ref_=ev_nom,PG-13,2h 7m,7.9,104K,Michael Haneke,Michael Haneke,Jean-Louis Trintignant', 'Emmanuelle Riva', 'Isabelle Huppert', 'Alexandre Tharaud', 'William Shimell', 'Ram籀n Agirre', 'Rita Blanco', 'Carole Franck', 'Dinara Drukarova', 'Laurent Capelluto', 'Jean-Michel Monroc', 'Suzanne Schmidt', 'Damien Jouillerot', 'Walid Afkir',,,,,Austria,0,0,0,0,0,1,0,0,0,0,0,0,0,0,0
2013,0,林肯,Lincoln,https://www.imdb.com/title/tt0443272/?ref_=ev_nom,6+,2h 30m,7.3,268K,Steven Spielberg,"Tony Kushner, Doris Kearns Goodwin",Daniel Day-Lewis', 'Sally Field', 'David Strathairn', 'Joseph Gordon-Levitt', 'James Spader', 'Hal Holbrook', 'Tommy Lee Jones', 'John Hawkes', 'Jackie Earle Haley', 'Bruce McGill', 'Tim Blake Nelson', 'Joseph Cross', 'Jared Harris', 'Lee Pace', 'Peter McRobbie', 'Gulliver McGrath', 'Gloria Reuben', 'Jeremy Strong',United States,0,0,1,0,0,1,0,1,0,0,0,0,0,0,1
2013,0,決殺令,Django Unchained,https://www.imdb.com/title/tt1853728/?ref_=ev_nom,R-18,2h 45m,8.5,1.6M,Quentin Tarantino,Quentin Tarantino,Jamie Foxx', 'Christoph Waltz', 'Leonardo DiCaprio', 'Kerry Washington', 'Samuel L. Jackson', 'Walton Goggins', 'Dennis Christopher', 'James Remar', 'David Steen', 'Dana Gourrier', 'Nichole Galicia', 'Laura Cayouette', 'Ato Essandoh', 'Sammi Rotibi', 'Clay Donahue Fontenot', 'Escalante Lundy', 'Miriam F. Glover', 'Don Johnson',United States,0,0,0,0,0,1,0,0,0,0,0,0,0,0,0
2013,0,派特的幸福劇本,Silver Linings Playbook,https://www.imdb.com/title/tt1045658/?ref_=ev_nom,12+,2h 2m,7.7,728K,David O. Russell,"David O. Russell, Matthew Quick",Bradley Cooper', 'Jennifer Lawrence', 'Robert De Niro', 'Jacki Weaver', 'Chris Tucker', 'Anupam Kher', 'John Ortiz', 'Shea Whigham', 'Julia Stiles', 'Paul Herman', 'Dash Mihok', 'Matthew Russell', 'Cheryl Williams', 'Patrick McDade', 'Brea Bee', 'Mary Regency Boies', 'Phillip Chorba', 'Anthony Lawton',United States,0,0,0,1,0,1,0,0,0,0,1,0,0,0,0
2014,1,自由之心,12 Years a Slave,https://www.imdb.com/title/tt2024544/?ref_=ev_nom,R-12,2h 14m,8.1,723K,Steve McQueen,"John Ridley, Solomon Northup",Chiwetel Ejiofor', 'Michael Kenneth Williams', 'Michael Fassbender', 'Brad Pitt', 'Dwight Henry', 'Dickie Gravois', 'Bryan Batt', 'Ashley Dyke', 'Kelsey Scott', 'Quvenzhan矇 Wallis', 'Cameron Zeigler', 'Tony Bentley', 'Scoot McNairy', 'Taran Killam', 'Christopher Berry', 'Bill Camp', 'Mister Mackey Jr.', 'Chris Chalk',United States,0,0,1,0,0,1,0,1,0,0,0,0,0,0,0
2014,0,內布拉斯加,Nebraska,https://www.imdb.com/title/tt1821549/?ref_=ev_nom,R,1h 55m,7.7,121K,Alexander Payne,Bob Nelson,Bruce Dern', 'Will Forte', 'June Squibb', 'Bob Odenkirk', 'Stacy Keach', 'Mary Louise Wilson', 'Rance Howard', 'Tim Driscoll', 'Devin Ratray', 'Angela McEwan', 'Glendora Stitt', 'Elizabeth Moore', 'Kevin Kunkel', 'Dennis McCoig', 'Ronald Vosta', 'Missy Doty', 'John Reynolds', 'Jeffrey Yosten',United States,0,0,0,0,0,1,0,0,0,0,0,0,0,0,0
2014,0,地心引力,Gravity,https://www.imdb.com/title/tt1454468/?ref_=ev_nom,6+,1h 31m,7.7,847K,Alfonso Cuar_n,"Alfonso Cuar_n, Jon_s Cuar_n",Sandra Bullock', 'George Clooney', 'Ed Harris', 'Orto Ignatiussen', 'Phaldut Sharma', 'Amy Warren', 'Basher Savage',,,,,,,,,,,,United Kingdom,0,0,0,0,0,1,0,0,0,0,0,1,0,1,0
2014,0,怒海劫,Captain Phillips,https://www.imdb.com/title/tt1535109/?ref_=ev_nom,PG-13,2h 14m,7.8,480K,Paul Greengrass,"Billy Ray, Richard Phillips, Stephan Talty",Tom Hanks', 'Barkhad Abdi', 'Barkhad Abdirahman', 'Catherine Keener', 'Faysal Ahmed', 'Mahat M. Ali', 'Michael Chernus', 'David Warshofsky', 'Corey Johnson', 'Chris Mulkey', 'Yul Vazquez', 'Max Martini', 'Omar Berdouni', 'Mohamed Ali', 'Issak Farah Samatar', 'Thomas Grube', 'Mark Holden', 'San Shella',United States,1,0,1,0,1,1,0,0,0,0,0,0,0,1,0
2014,0,瞞天大佈局,American Hustle,https://www.imdb.com/title/tt1800241/?ref_=ev_nom,12+,2h 9m,7.2,493K,David O. Russell,"Eric Warren Singer, David O. Russell",Christian Bale', 'Amy Adams', 'Bradley Cooper', 'Jennifer Lawrence', 'Jeremy Renner', 'Louis C.K.', 'Jack Huston', 'Michael Pe簽a', 'Shea Whigham', 'Alessandro Nivola', 'Elisabeth R繹hm', 'Paul Herman', 'Sa簿d Taghmaoui', 'Matthew Russell', 'Thomas Matthews', 'Adrian Martinez', 'Anthony Zerbe', 'Colleen Camp',United States,0,0,0,0,1,1,0,0,0,0,0,0,0,0,0
2014,0,華爾街之狼,The Wolf of Wall Street,https://www.imdb.com/title/tt0993846/?ref_=ev_nom,R-18,3h,8.2,1.5M,Martin Scorsese,"Terence Winter, Jordan Belfort",Leonardo DiCaprio', 'Jonah Hill', 'Margot Robbie', 'Matthew McConaughey', 'Kyle Chandler', 'Rob Reiner', 'Jon Bernthal', 'Jon Favreau', 'Jean Dujardin', 'Joanna Lumley', 'Cristin Milioti', 'Christine Ebersole', 'Shea Whigham', 'Katarina Cas', 'P.J. Byrne', 'Kenneth Choi', 'Brian Sacca', 'Henry Zebrowski',United States,0,0,1,1,1,1,0,0,0,0,0,0,0,0,0
2014,0,藥命俱樂部,Dallas Buyers Club,https://www.imdb.com/title/tt0790636/?ref_=ev_nom,R,1h 57m,7.9,506K,Jean-Marc Vall_e,"Craig Borten, Melisa Wallack",Matthew McConaughey', 'Jennifer Garner', 'Jared Leto', 'Steve Zahn'," ""Denis O'Hare"""," ""Michael O'Neill""", 'Dallas Roberts', 'Griffin Dunne', 'Kevin Rankin', 'Donna Duplantier', 'Deneen Tyler', 'JD Evermore', 'Ian Casselberry', 'Noelle Wilcox', 'Bradford Cox', 'Rick Espaillat', 'Lawrence Turner', 'Lucius Falick',United States,0,0,1,0,0,1,0,0,0,0,0,0,0,0,0
2014,0,遲來的守護者,Philomena,https://www.imdb.com/title/tt2431286/?ref_=ev_nom,PG-13,1h 38m,7.6,102K,Stephen Frears,"Steve Coogan, Jeff Pope, Martin Sixsmith",Judi Dench', 'Steve Coogan', 'Sophie Kennedy Clark', 'Mare Winningham', 'Barbara Jefford', 'Ruth McCabe', 'Peter Hermann', 'Sean Mahon', 'Anna Maxwell Martin', 'Michelle Fairley', 'Wunmi Mosaku', 'Amy McAllister', 'Charlie Murphy', 'Cathy Belton', 'Kate Fleetwood', 'Charissa Shearer', 'Nika McGuigan', 'Rachel Wilcock',United Kingdom,0,0,1,1,0,1,0,0,0,0,0,0,0,0,0
2014,0,雲端情人,Her,https://www.imdb.com/title/tt1798709/?ref_=ev_nom,12+,2h 6m,8,645K,Spike Jonze,Spike Jonze,Joaquin Phoenix', 'Amy Adams', 'Scarlett Johansson', 'Rooney Mara', 'Lynn Adrianna Freedman', 'Lisa Renee Pitts', 'Gabe Gomez', 'Chris Pratt', 'Artt Butler', 'May Lindstrom', 'Bill Hader', 'Kristen Wiig', 'Brian Johnson', 'Matt Letscher', 'Spike Jonze', 'Olivia Wilde', 'David Azar', 'Guy Lewis',United States,0,0,0,0,0,1,0,0,0,0,1,1,0,0,0
2015,1,鳥人,Birdman or (The Unexpected Virtue of Ignorance),https://www.imdb.com/title/tt2562232/?ref_=ev_nom,R-12,1h 59m,7.7,651K,Alejandro G. I__rritu,"Alejandro G. I__rritu, Nicol_s Giacobone, Alexander Dinelaris",Michael Keaton', 'Zach Galifianakis', 'Edward Norton', 'Andrea Riseborough', 'Emma Stone', 'Kenny Chin', 'Jamahl Garrison-Lowe', 'Naomi Watts', 'Jeremy Shamos'," ""Katherine O'Sullivan""", 'Damian Young', 'Keenan Shimizu', 'Akira Ito', 'Natalie Gold', 'Merritt Wever', 'Michael Siberry', 'Clark Middleton', 'Amy Ryan',United States,0,0,0,1,0,1,0,0,0,0,0,0,0,0,0
2015,0,年少時代,Boyhood,https://www.imdb.com/title/tt1065073/?ref_=ev_nom,R,2h 45m,7.9,362K,Richard Linklater,Richard Linklater,Ellar Coltrane', 'Patricia Arquette', 'Ethan Hawke', 'Elijah Smith', 'Lorelei Linklater', 'Steven Chester Prince', 'Bonnie Cross', 'Sydney Orta', 'Libby Villari', 'Marco Perella', 'Jamie Howard', 'Andrew Villarreal', 'Shane Graham', 'Tess Allen', 'Ryan Power', 'Sharee Fowler', 'Mark Finn', 'Charlie Sexton',United States,0,0,0,0,0,1,0,0,0,0,0,0,0,0,0
2015,0,愛的萬物論,The Theory of Everything,https://www.imdb.com/title/tt2980516/?ref_=ev_nom,15+,2h 3m,7.7,469K,James Marsh,"Anthony McCarten, Jane Hawking",Eddie Redmayne', 'Felicity Jones', 'Tom Prior', 'Sophie Perry', 'Finlay Wright-Stephens', 'Harry Lloyd', 'Alice Orr-Ewing', 'David Thewlis', 'Thomas Morrison', 'Michael Marcus', 'Gruffudd Glyn', 'Paul Longley', 'Emily Watson', 'Guy Oliver-Watts', 'Simon McBurney', 'Lucy Chappell', 'Charlotte Hope', 'Abigail Cruttenden',United Kingdom,0,0,1,0,0,1,0,0,0,0,1,0,0,0,0
2015,0,模仿遊戲,The Imitation Game,https://www.imdb.com/title/tt2084970/?ref_=ev_nom,13+,1h 54m,8,800K,Morten Tyldum,"Graham Moore, Andrew Hodges",Benedict Cumberbatch', 'Keira Knightley', 'Matthew Goode', 'Allen Leech', 'Rory Kinnear', 'Matthew Beard', 'Charles Dance', 'Mark Strong', 'James Northcote', 'Tom Goodman-Hill', 'Steven Waddington', 'Ilan Goodman', 'Jack Tarlton', 'Alex Lawther', 'Jack Bannon', 'Tuppence Middleton', 'Dominic Charman', 'James G. Nunn',United Kingdom,0,0,1,0,0,1,0,0,0,0,0,0,0,1,1
2015,0,歡迎來到布達佩斯大飯店,The Grand Budapest Hotel,https://www.imdb.com/title/tt2278388/?ref_=ev_nom,PG-12,1h 39m,8.1,855K,Wes Anderson,"Stefan Zweig, Wes Anderson, Hugo Guinness",Ralph Fiennes', 'F. Murray Abraham', 'Mathieu Amalric', 'Adrien Brody', 'Willem Dafoe', 'Jeff Goldblum', 'Harvey Keitel', 'Jude Law', 'Bill Murray', 'Edward Norton', 'Saoirse Ronan', 'Jason Schwartzman', 'L矇a Seydoux', 'Tilda Swinton', 'Tom Wilkinson', 'Owen Wilson', 'Tony Revolori', 'Larry Pine',United States,0,1,0,1,1,0,0,0,0,0,0,0,0,0,0
2015,0,美國狙擊手,American Sniper,https://www.imdb.com/title/tt2179136/?ref_=ev_nom,12+,2h 13m,7.3,512K,Clint Eastwood,"Jason Hall, Chris Kyle, Scott McEwen",Bradley Cooper', 'Sienna Miller', 'Kyle Gallner', 'Cole Konis', 'Ben Reed', 'Elise Robertson', 'Luke Sunshine', 'Troy Vincent', 'Brandon Salgado Telis'," ""Keir O'Donnell""", 'Marnette Patterson', 'Jason Hall', 'Billy Miller', 'Leonard Roberts', 'Jason Walsh', 'Reynaldo Gallegos', 'Kevin Lacz', 'Jake McDorman',United States,1,0,1,0,0,1,0,0,0,0,0,0,0,0,1
2015,0,逐夢大道,Selma,https://www.imdb.com/title/tt1020072/?ref_=ev_nom,PG-13,2h 8m,7.5,94K,Ava DuVernay,Paul Webb,David Oyelowo', 'Carmen Ejogo', 'Oprah Winfrey', 'Tom Wilkinson', 'Jim France', 'Trinity Simone', 'Mikeria Howard', 'Jordan Rice', 'Ebony Billups', 'Nadej K. Bailey', 'Elijah Oliver', 'Clay Chappell', 'Giovanni Ribisi', 'Haviland Stillwell', 'Andr矇 Holland', 'Ruben Santiago-Hudson', 'Colman Domingo', 'Omar J. Dorsey',United Kingdom,0,0,1,0,0,1,0,1,0,0,0,0,0,0,0
2015,0,進擊的鼓手,Whiplash,https://www.imdb.com/title/tt2582802/?ref_=ev_nom,P,1h 46m,8.5,927K,Damien Chazelle,Damien Chazelle,Miles Teller', 'J.K. Simmons', 'Melissa Benoist', 'Paul Reiser', 'Austin Stowell', 'Nate Lang', 'Chris Mulkey', 'Damon Gupton', 'Suanne Spoke', 'Max Kasch', 'Charlie Ian', 'Jayson Blair', 'Kofi Siriboe', 'Kavita Patil', 'C.J. Vana', 'Tarik Lowe', 'Tyler Kimball', 'Rogelio Douglas Jr.',United States,0,0,0,0,0,1,0,0,1,0,0,0,0,0,0
2016,1,驚爆焦點,Spotlight,https://www.imdb.com/title/tt1895587/?ref_=ev_nom,R-15,2h 9m,8.1,488K,Tom McCarthy,"Josh Singer, Tom McCarthy",Mark Ruffalo', 'Michael Keaton', 'Rachel McAdams', 'Liev Schreiber', 'John Slattery'," ""Brian d'Arcy James""", 'Stanley Tucci', 'Elena Wohl', 'Gene Amoroso', 'Doug Murray', 'Sharon McFarlane', 'Jamey Sheridan', 'Neal Huff', 'Billy Crudup', 'Robert B. Kennedy', 'Duane Murray', 'Brian Chamberlain', 'Michael Cyril Creighton',United States,0,0,1,0,1,1,0,0,0,0,0,0,0,0,0
2016,0,不存在的房間,Room,https://www.imdb.com/title/tt3170832/?ref_=ev_nom,R-12,1h 58m,8.1,437K,Lenny Abrahamson,Emma Donoghue,Brie Larson', 'Jacob Tremblay', 'Sean Bridgers', 'Wendy Crewson', 'Sandy McMaster', 'Matt Gordon', 'Amanda Brugel', 'Joe Pingue', 'Joan Allen', 'Zarrin Darnell-Martin', 'Cas Anvar', 'William H. Macy', 'Jee-Yun Lee', 'Randal Edwards', 'Justin Mader', 'Ola Sturik', 'Rodrigo Fernandez-Stoll'," ""Rory O'Shea""",Ireland,0,0,0,0,0,1,0,0,0,0,0,0,0,1,0
2016,0,大賣空,The Big Short,https://www.imdb.com/title/tt1596363/?ref_=ev_nom,R-12,2h 10m,7.8,458K,Adam McKay,"Charles Randolph, Adam McKay, Michael Lewis",Christian Bale', 'Steve Carell', 'Ryan Gosling', 'Brad Pitt', 'Rudy Eisenzopf', 'Casey Groves', 'Charlie Talbert', 'Harold Gervais', 'Maria Frangos', 'Hunter Burke', 'Bernard Hocke', 'Shauna Rappold', 'Brandon Stacy', 'Aiden Flowers', 'Peter Epstein', 'Anthony Marble', 'Silas Cooper', 'Leslie Castay',United States,0,0,1,1,0,1,0,1,0,0,0,0,0,0,0
2016,0,愛在他鄉,Brooklyn,https://www.imdb.com/title/tt2381111/?ref_=ev_nom,GP,1h 57m,7.5,147K,John Crowley,"Nick Hornby, Colm T_ib_n",Saoirse Ronan', 'Emory Cohen', 'Domhnall Gleeson', 'Jim Broadbent', 'Hugh Gormley', 'Brid Brennan', 'Maeve McGrath', 'Emma Lowe', 'Barbara Drennan', 'Gillian McCarthy', 'Fiona Glascott', 'Jane Brennan'," ""Eileen O'Higgins""", 'Art Campion', 'Eva Birthistle', 'James Corscadden', 'Julie Walters', 'Emily Bett Rickards',United Kingdom,0,0,0,0,0,1,0,0,0,0,1,0,0,0,0
2016,0,瘋狂麥斯：憤怒道,Mad Max: Fury Road,https://www.imdb.com/title/tt1392190/?ref_=ev_nom,R-12,2h,8.1,1M,George Miller,"George Miller, Brendan McCarthy, Nick Lathouris",Tom Hardy', 'Charlize Theron', 'Nicholas Hoult', 'Zo禱 Kravitz', 'Hugh Keays-Byrne', 'Josh Helman', 'Nathan Jones', 'Rosie Huntington-Whiteley', 'Riley Keough', 'Abbey Lee', 'Courtney Eaton', 'John Howard', 'Richard Carter', 'Iota', 'Angus Sampson', 'Jennifer Hagan', 'Megan Gale', 'Melissa Jaffer',Australia,1,1,0,0,0,0,0,0,0,0,0,1,0,1,0
2016,0,神鬼獵人,The Revenant,https://www.imdb.com/title/tt1663202/?ref_=ev_nom,R-18,2h 36m,8,841K,Alejandro G. I__rritu,"Mark L. Smith, Alejandro G. I__rritu, Michael Punke",Leonardo DiCaprio', 'Tom Hardy', 'Will Poulter', 'Domhnall Gleeson', 'Forrest Goodluck', 'Paul Anderson', 'Kristoffer Joner', 'Joshua Burge', 'Duane Howard'," ""Melaw Nakehk'o""", 'Fabrice Adde', 'Arthur RedCloud', 'Christopher Rosamond', 'Robert Moloney', 'Lukas Haas', 'Brendan Fletcher', 'Tyson Wood', 'McCaleb Burnett',Hong Kong,1,1,0,0,0,1,0,0,0,0,0,0,0,0,0
2016,0,絕地救援,The Martian,https://www.imdb.com/title/tt3659388/?ref_=ev_nom,PG-12,2h 24m,8,892K,Ridley Scott,"Drew Goddard, Andy Weir",Matt Damon', 'Jessica Chastain', 'Kristen Wiig', 'Kate Mara', 'Jeff Daniels', 'Michael Pe簽a', 'Sean Bean', 'Sebastian Stan', 'Aksel Hennie', 'Chiwetel Ejiofor', 'Benedict Wong', 'Mackenzie Davis', 'Donald Glover', 'Nick Mohammed', 'Shu Chen', 'Eddy Ko', 'Enzo Cilenti', 'Jonathan Aris',United States,0,1,0,0,0,1,0,0,0,0,0,1,0,0,0
2016,0,間諜橋,Bridge of Spies,https://www.imdb.com/title/tt3682448/?ref_=ev_nom,PG-12,2h 22m,7.6,321K,Steven Spielberg,"Matt Charman, Ethan Coen, Joel Coen",Tom Hanks', 'Mark Rylance', 'Alan Alda', 'Amy Ryan', 'Domenick Lombardozzi', 'Victor Verhaeghe', 'Mark Fichera', 'Brian Hutchison', 'Joshua Harto', 'Henny Russell', 'Rebekah Brockman', 'John Rue', 'Billy Magnussen', 'Jillian Lebling', 'Noah Schnapp', 'Eve Hewson', 'Joel Brady', 'Austin Stowell',Germany,0,0,0,0,0,1,0,1,0,0,0,0,0,1,1
2017,1,月光下的藍色男孩,Moonlight,https://www.imdb.com/title/tt4975722/?ref_=ev_nom,R-15,1h 51m,7.4,322K,Barry Jenkins,"Barry Jenkins, Tarell Alvin McCraney",Mahershala Ali', 'Naomie Harris', 'Trevante Rhodes', 'Alex R. Hibbert', 'Shariff Earp', 'Duan Sanderson', 'Janelle Mon獺e', 'Jaden Piner'," ""Herman 'Caheei McGloun""", 'Kamal Ani-Bellow', 'Keomi Givens', 'Eddie Blanchard', 'Rudi Goblen', 'Ashton Sanders', 'Edson Jean', 'Patrick Decile', 'Herveline Moncion', 'Jharrel Jerome',United States,0,0,0,0,0,1,0,0,0,0,0,0,0,0,0
2017,0,心靈圍籬,Fences,https://www.imdb.com/title/tt2671706/?ref_=ev_nom,PG-13,2h 19m,7.2,113K,Denzel Washington,August Wilson,Denzel Washington', 'Viola Davis', 'Stephen McKinley Henderson', 'Jovan Adepo', 'Russell Hornsby', 'Mykelti Williamson', 'Saniyya Sidney', 'Christopher Mele', 'Lesley Boone', 'Jason Silvis', 'Toussaint Raphael Abessolo', 'Rachelle Beinart', 'Gregory Bromfield', 'Joshua Camerata', 'Hannibal Chancellor', 'Cara Clark'," ""Tra'Waan Coles""", 'Sean Cummings',United States,0,0,0,0,0,1,0,0,0,0,0,0,0,0,0
2017,0,樂來越愛你,La La Land,https://www.imdb.com/title/tt3783958/?ref_=ev_nom,GP,2h 8m,8,631K,Damien Chazelle,Damien Chazelle,Ryan Gosling', 'Emma Stone', 'Rosemarie DeWitt', 'J.K. Simmons', 'Amiee Conn', 'Terry Walters', 'Thom Shelton', 'Cinda Adams', 'Callie Hernandez', 'Jessica Rothe', 'Sonoya Mizuno', 'Claudine Claudio', 'Jason Fuchs', 'D.A. Wallach', 'Mike Fallin', 'Trevor Lissauer', 'Olivia Hamilton', 'Anna Chazelle',United States,0,0,0,1,0,1,0,0,1,0,1,0,0,0,0
2017,0,海邊的曼徹斯特,Manchester by the Sea,https://www.imdb.com/title/tt4034228/?ref_=ev_nom,PG-12,2h 17m,7.8,299K,Kenneth Lonergan,Kenneth Lonergan,Casey Affleck', 'Michelle Williams', 'Kyle Chandler', 'Lucas Hedges'," ""Ivy O'Brien""", 'Richard Donelly', 'Virginia Loring Cooke', 'Quincy Tyler Bernstine', 'Missy Yager', 'Stephen McKinley Henderson', 'Ben Hanson', 'Mary Mallen', 'Lewis D. Wheeler', 'Anthony Estrella', 'C.J. Wilson', 'Susan Pourfar', 'Robert Sella', 'Ruibo Qian',United States,0,0,0,0,0,1,0,0,0,0,0,0,0,0,0
2017,0,漫漫回家路,Lion,https://www.imdb.com/title/tt3741834/?ref_=ev_nom,PG-12,1h 58m,8,245K,Garth Davis,"Saroo Brierley, Luke Davies",Dev Patel', 'Nicole Kidman', 'Rooney Mara', 'Sunny Pawar', 'Abhishek Bharate', 'Priyanka Bose', 'Khushi Solanki', 'Shankar Nisode', 'Tannishtha Chatterjee', 'Nawazuddin Siddiqui', 'Riddhi Sen', 'Kaushik Sen', 'Rita Roy', 'Udayshankar Pal', 'Surojit Das', 'Deepti Naval', 'Menik Gooneratne', 'David Wenham',Australia,0,0,1,0,0,1,0,0,0,0,0,0,0,0,0
2017,0,異星入境,Arrival,https://www.imdb.com/title/tt2543164/?ref_=ev_nom,PG-12,1h 56m,7.9,733K,Denis Villeneuve,"Eric Heisserer, Ted Chiang",Amy Adams', 'Jeremy Renner', 'Forest Whitaker', 'Michael Stuhlbarg'," ""Mark O'Brien""", 'Tzi Ma', 'Abigail Pniowsky', 'Julia Scarlett Dan', 'Jadyn Malone', 'Frank Schorpion', 'Lucas Chartier-Dessert', 'Christian Jadah', 'Lucy Van Oldenbarneveld', 'Andrew Shaver', 'Pat Kiely', 'Sonia Vigneault', 'Mark Camacho', 'Sabrina Reeves',United States,0,0,0,0,0,1,0,0,0,1,0,1,0,0,0
2017,0,赴湯蹈火,Hell or High Water,https://www.imdb.com/title/tt2582782/?ref_=ev_nom,R-15,1h 42m,7.6,242K,David Mackenzie,Taylor Sheridan,Chris Pine', 'Ben Foster', 'Jeff Bridges', 'Gil Birmingham', 'Dale Dickey', 'William Sterchi', 'Buck Taylor', 'Kristin K. Berg', 'Keith Meriweather', 'Jackamoe Buzzell', 'Katy Mixon', 'Amber Midthunder', 'Joe Berryman', 'Taylor Sheridan', 'Howard Ferguson Jr.', 'Debrianna Mansini', 'Paul Howard Smith', 'Nathaniel Augustson',United States,0,0,0,0,1,1,0,0,0,0,0,0,0,1,0
2017,0,鋼鐵英雄,Hacksaw Ridge,https://www.imdb.com/title/tt2119532/?ref_=ev_nom,R-15,2h 19m,8.1,564K,Mel Gibson,"Robert Schenkkan, Andrew Knight",Andrew Garfield', 'Sam Worthington', 'Luke Bracey', 'Teresa Palmer', 'Richard Pyros', 'Jacob Warner', 'Milo Gibson', 'Darcy Bryce', 'Roman Guerriero', 'James Lugton', 'Kasia Stelmach', 'Hugo Weaving', 'Rachel Griffiths', 'Jarin Towney', 'Tim McGarry', 'Tyler Coppin', 'Richard Platt', 'Nathaniel Buzolic',Australia,0,0,1,0,0,1,0,1,0,0,0,0,0,0,1
2017,0,關鍵少數,Hidden Figures,https://www.imdb.com/title/tt4846340/?ref_=ev_nom,GP,2h 7m,7.8,245K,Theodore Melfi,"Allison Schroeder, Theodore Melfi, Margot Lee Shetterly",Taraji P. Henson', 'Octavia Spencer', 'Janelle Mon獺e', 'Kevin Costner', 'Kirsten Dunst', 'Jim Parsons', 'Mahershala Ali', 'Aldis Hodge', 'Glen Powell', 'Kimberly Quinn', 'Olek Krupa', 'Kurt Krause', 'Ken Strunk', 'Lidya Jewett', 'Donna Biscoe', 'Ariana Neal', 'Saniyya Sidney', 'Zani Jones Mbayise',United States,0,0,1,0,0,1,0,1,0,0,0,0,0,0,0
2018,1,水底情深,The Shape of Water,https://www.imdb.com/title/tt5580390/?ref_=ev_nom,R-15,2h 3m,7.3,436K,Guillermo del Toro,"Guillermo del Toro, Vanessa Taylor",Sally Hawkins', 'Octavia Spencer', 'Michael Shannon', 'Doug Jones', 'Richard Jenkins', 'Michael Stuhlbarg', 'David Hewlett', 'Nick Searcy', 'Stewart Arnott', 'Nigel Bennett', 'Lauren Lee Smith', 'Martin Roach', 'Allegra Fulton', 'John Kapelos', 'Morgan Kelly', 'Marvin Kaye', 'Dru Viergever', 'Wendy Lyon',United States,0,0,0,0,0,1,1,0,0,0,1,0,0,0,0
2018,0,以你的名字呼喚我,Call Me by Your Name,https://www.imdb.com/title/tt5726616/?ref_=ev_nom,R-15,2h 12m,7.8,296K,Luca Guadagnino,"James Ivory, Andr_ Aciman",Timoth矇e Chalamet', 'Armie Hammer', 'Michael Stuhlbarg', 'Amira Casar', 'Esther Garrel', 'Victoire Du Bois', 'Vanda Capriolo', 'Antonio Rimoldi', 'Elena Bucci', 'Marco Sgrosso', 'Andr矇 Aciman', 'Peter Spears', 'Andrew Duncan Hinojosa', 'Maria Caggianelli Villani',,,,,Italy,0,0,0,0,0,1,0,0,0,0,1,0,0,0,0
2018,0,意外,"Three Billboards Outside Ebbing, Missouri",https://www.imdb.com/title/tt5027774/?ref_=ev_nom,PG-12,1h 55m,8.1,534K,Martin McDonagh,Martin McDonagh,Frances McDormand', 'Woody Harrelson', 'Sam Rockwell', 'Caleb Landry Jones', 'Kerry Condon', 'Alejandro Barrios', 'Clarke Peters', 'Darrell Britt-Gibson', 'Abbie Cornish', 'Riya May Atwood', 'Selah Atwood', 'Lucas Hedges', 'Zeljko Ivanek', 'Amanda Warren', 'Malaya Rivera Drew', 'Sandy Martin', 'Peter Dinklage', 'Christopher Berry',United Kingdom,0,0,0,1,1,1,0,0,0,0,0,0,0,0,0
2018,0,敦克爾克大行動,Dunkirk,https://www.imdb.com/title/tt5013056/?ref_=ev_nom,R-12,1h 46m,7.8,708K,Christopher Nolan,Christopher Nolan,Fionn Whitehead', 'Barry Keoghan', 'Mark Rylance', 'Tom Hardy', 'Damien Bonnard', 'Aneurin Barnard', 'Lee Armstrong', 'James Bloor', 'Tom Glynn-Carney', 'Jack Lowden', 'Luke Thompson', 'Michel Biel', 'Constantin Balsan', 'Billy Howle', 'Mikey Collins', 'Callum Blake', 'Dean Ridge', 'Bobby Lockwood',United Kingdom,1,0,0,0,0,1,0,1,0,0,0,0,0,1,1
2018,0,最黑暗的時刻,Darkest Hour,https://www.imdb.com/title/tt4555426/?ref_=ev_nom,PG-12,2h 5m,7.4,213K,Joe Wright,Anthony McCarten,Gary Oldman', 'Lily James', 'Kristin Scott Thomas', 'Ben Mendelsohn', 'Ronald Pickup', 'Stephen Dillane', 'Nicholas Jones', 'Samuel West', 'David Schofield', 'Richard Lumsden', 'Malcolm Storry', 'Hilton McRae', 'Benjamin Whitrow', 'Joe Armstrong', 'Adrian Rawlins', 'David Bamber', 'Paul Leonard', 'David Strathairn',United Kingdom,0,0,1,0,0,1,0,0,0,0,0,0,0,0,1
2018,0,淑女鳥,Lady Bird,https://www.imdb.com/title/tt4925292/?ref_=ev_nom,R-12,1h 34m,7.4,312K,Greta Gerwig,Greta Gerwig,Saoirse Ronan', 'Laurie Metcalf', 'Tracy Letts', 'Lucas Hedges', 'Timoth矇e Chalamet', 'Beanie Feldstein', 'Lois Smith', 'Stephen McKinley Henderson', 'Odeya Rush', 'Jordan Rodrigues', 'Marielle Scott', 'John Karna', 'Jake McDorman', 'Bayne Gibby', 'Laura Marano', 'Marietta DePrima', 'Daniel Zovatto', 'Kristen Cloke',United States,0,0,0,1,0,1,0,0,0,0,0,0,0,0,0
2018,0,逃出絕命鎮,Get Out,https://www.imdb.com/title/tt5052448/?ref_=ev_nom,R-18,1h 44m,7.8,653K,Jordan Peele,Jordan Peele,Daniel Kaluuya', 'Allison Williams', 'Bradley Whitford', 'Catherine Keener', 'Caleb Landry Jones', 'Marcus Henderson', 'Betty Gabriel', 'LaKeith Stanfield', 'Stephen Root', 'Lil Rel Howery', 'Ashley LeConte Campbell', 'John Wilmot', 'Caren L. Larkey', 'Julie Ann Jones', 'Rutherford Cravens', 'Geraldine Singer', 'Yasuhiko Oyama', 'Richard Herd',United States,0,0,0,0,0,0,0,0,0,1,0,0,0,1,0
2018,0,郵報：密戰,The Post,https://www.imdb.com/title/tt6294822/?ref_=ev_nom,PG-12,1h 56m,7.2,158K,Steven Spielberg,"Liz Hannah, Josh Singer",Meryl Streep', 'Tom Hanks', 'Sarah Paulson', 'Bob Odenkirk', 'Tracy Letts', 'Bradley Whitford', 'Bruce Greenwood', 'Matthew Rhys', 'Alison Brie', 'Carrie Coon', 'Jesse Plemons', 'David Cross', 'Zach Woods', 'Pat Healy', 'John Rue', 'Rick Holmes', 'Philip Casnoff', 'Jessie Mueller',United States,0,0,1,0,0,1,0,1,0,0,0,0,0,1,1
2018,0,霓裳魅影,Phantom Thread,https://www.imdb.com/title/tt5776858/?ref_=ev_nom,12+,2h 10m,7.4,140K,Paul Thomas Anderson,Paul Thomas Anderson,Vicky Krieps', 'Daniel Day-Lewis', 'Lesley Manville', 'Julie Vollono', 'Sue Clark', 'Joan Brown', 'Harriet Leitch', 'Dinah Nicholson', 'Julie Duck', 'Maryanne Frost', 'Elli Banks', 'Amy Cunningham', 'Amber Brabant', 'Geneva Corlett', 'Juliet Glaves', 'Camilla Rutherford', 'Gina McKee', 'Philip Franks',United States,0,0,0,0,0,1,0,1,0,0,1,0,0,0,0
2019,1,幸福綠皮書,Green Book,https://www.imdb.com/title/tt6966692/?ref_=ev_nom,PG-12,2h 10m,8.2,532K,Peter Farrelly,"Nick Vallelonga, Brian Hayes Currie, Peter Farrelly",Viggo Mortensen', 'Mahershala Ali', 'Linda Cardellini', 'Sebastian Maniscalco', 'Dimiter D. Marinov', 'Mike Hatton', 'P.J. Byrne', 'Joe Cortese', 'Maggie Nixon', 'Von Lewis', 'Jon Sortland', 'Don Stark', 'Anthony Mangano', 'Paul Sloan', 'Quinn Duffy', 'Seth Hurwitz', 'Hudson Galloway', 'Gavin Lyle Foley',United States,0,0,1,1,0,1,0,0,1,0,0,0,0,0,0
2019,0,一個巨星的誕生,A Star Is Born,https://www.imdb.com/title/tt1517451/?ref_=ev_nom,R-15,2h 16m,7.6,404K,Bradley Cooper,"Eric Roth, Bradley Cooper, Will Fetters",Lady Gaga', 'Bradley Cooper', 'Sam Elliott', 'Greg Grunberg', 'Andrew Dice Clay', 'Rafi Gavron', 'Anthony Ramos', 'Dave Chappelle', 'Alec Baldwin', 'Marlon Williams', 'Brandi Carlile', 'Ron Rifkin', 'Barry Shabaka Henley', 'Michael D. Roberts', 'Michael Harney', 'Rebecca Field', 'Derek Kevin Jones', 'Willam Belli',United States,0,0,0,0,0,1,0,0,1,0,1,0,0,0,0
2019,0,波希米亞狂想曲,Bohemian Rhapsody,https://www.imdb.com/title/tt1727824/?ref_=ev_nom,PG-12,2h 14m,7.9,566K,Bryan Singer,"Anthony McCarten, Peter Morgan",Rami Malek', 'Lucy Boynton', 'Gwilym Lee', 'Ben Hardy', 'Joseph Mazzello', 'Aidan Gillen', 'Allen Leech', 'Tom Hollander', 'Mike Myers', 'Aaron McCusker', 'Meneka Das', 'Ace Bhatti', 'Priya Blackburn', 'Dermot Murphy', 'Dickie Beau', 'Tim Plester', 'Jack Roth', 'Max Bennett',United Kingdom,0,0,1,0,0,1,0,0,1,0,0,0,0,0,0
2019,0,為副不仁,Vice,https://www.imdb.com/title/tt6266538/?ref_=ev_nom,R-12,2h 12m,7.2,156K,Adam McKay,Adam McKay,Christian Bale', 'Amy Adams', 'Steve Carell', 'Sam Rockwell', 'Alison Pill', 'Eddie Marsan', 'Justin Kirk', 'LisaGay Hamilton', 'Jesse Plemons', 'Bill Camp', 'Don McManus', 'Lily Rabe', 'Shea Whigham', 'Stephen Adly Guirgis', 'Tyler Perry', 'Josh Latzer', 'Jeff Bosley', 'Camille James Harman',United States,0,0,1,1,0,1,0,0,0,0,0,0,0,0,0
2019,0,真寵,The Favourite,https://www.imdb.com/title/tt5083738/?ref_=ev_nom,R-15,1h 59m,7.5,211K,Yorgos Lanthimos,"Deborah Davis, Tony McNamara",Olivia Colman', 'Emma Stone', 'Rachel Weisz', 'Nicholas Hoult', 'Emma Delves', 'Faye Daveney', 'Paul Swaine', 'Jennifer White', 'Lilly-Rose Stevens', 'Denise Mack', 'James Smith', 'Mark Gatiss', 'Horatio', 'Willem Dalby', 'Edward Aczel', 'Carolyn Saint-P矇', 'John Locke', 'Everal A Walsh',Ireland,0,0,1,1,0,1,0,1,0,0,0,0,0,0,0
2019,0,羅馬,Roma,https://www.imdb.com/title/tt6155172/?ref_=ev_nom,R-12,2h 15m,7.7,165K,Alfonso Cuar_n,Alfonso Cuar_n,Yalitza Aparicio', 'Marina de Tavira', 'Diego Cortina Autrey', 'Carlos Peralta', 'Marco Graf', 'Daniela Demesa', 'Nancy Garc穩a Garc穩a', 'Ver籀nica Garc穩a', 'Andy Cort矇s', 'Fernando Grediaga', 'Jorge Antonio Guerrero', 'Jos矇 Manuel Guerrero Mendoza', 'Latin Lover', 'Zarela Lizbeth Chinolla Arellano', 'Jos矇 Luis L籀pez G籀mez', 'Edwin Mendoza Ram穩rez', 'Clementina Guadarrama', 'Enoc Lea簽o',Mexico,0,0,0,0,0,1,0,0,0,0,0,0,0,0,0
2019,0,黑色黨徒,BlacKkKlansman,https://www.imdb.com/title/tt7349662/?ref_=ev_nom,R,2h 15m,7.5,279K,Spike Lee,"Charlie Wachtel, David Rabinowitz, Kevin Willmott",John David Washington', 'Adam Driver', 'Laura Harrier', 'Topher Grace', 'Alec Baldwin', 'Isiah Whitlock Jr.', 'Robert John Burke', 'Brian Tarantina', 'Arthur J. Nascarella', 'Ken Garito', 'Frederick Weller', 'Michael Buscemi', 'Damaris Lewis', 'Ato Blankson-Wood', 'Corey Hawkins', 'Dared Wright', 'Faron Salisbury', 'Ryan Eggold',United States,0,0,1,1,1,1,0,0,0,0,0,0,0,0,0
2019,0,黑豹,Black Panther,https://www.imdb.com/title/tt1825683/?ref_=ev_nom,PG-12,2h 14m,7.3,813K,Ryan Coogler,"Ryan Coogler, Joe Robert Cole, Stan Lee",Chadwick Boseman', 'Michael B. Jordan'," ""Lupita Nyong'o""", 'Danai Gurira', 'Martin Freeman', 'Daniel Kaluuya', 'Letitia Wright', 'Winston Duke', 'Sterling K. Brown', 'Angela Bassett', 'Forest Whitaker', 'Andy Serkis', 'Florence Kasumba', 'John Kani', 'David S. Lee', 'Nabiyah Be', 'Isaach De Bankol矇', 'Connie Chiume',United States,1,1,0,0,0,0,0,0,0,0,0,1,0,0,0
2020,1,寄生上流,Gisaengchung,https://www.imdb.com/title/tt6751668/?ref_=ev_nom,R-12,2h 12m,8.5,882K,Bong Joon Ho,"Bong Joon Ho, Han Jin-won",Song Kang-ho', 'Lee Sun-kyun', 'Cho Yeo-jeong', 'Choi Woo-sik', 'Park So-dam', 'Lee Jeong-eun', 'Jang Hye-jin', 'Park Myeong-hoon', 'Jung Ji-so', 'Jung Hyun-jun', 'Park Keun-rok', 'Jung Yi-seo', 'Jo Jae-myeong', 'Jung Ik-han', 'Kim Kyu-baek', 'Hwang In-kyung', 'Ahn Seong-bong', 'Kim Jin-hyung',South Korea,0,0,0,0,0,1,0,0,0,0,0,0,0,1,0
2020,0,1917,1917,https://www.imdb.com/title/tt8579674/?ref_=ev_nom,PG-12,1h 59m,8.2,639K,Sam Mendes,"Sam Mendes, Krysty Wilson-Cairns",Dean-Charles Chapman', 'George MacKay', 'Daniel Mays', 'Colin Firth', 'Pip Carter', 'Andy Apollo', 'Paul Tinto', 'Josef Davies', 'Billy Postlethwaite', 'Gabriel Akuwudike', 'Andrew Scott', 'Spike Leighton', 'Robert Maaser', 'Gerran Howell', 'Adam Hugill', 'Mark Strong', 'Richard McCabe', 'Benjamin Adams',United Kingdom,1,0,0,0,0,1,0,0,0,0,0,0,0,0,1
2020,0,兔嘲男孩,Jojo Rabbit?original title),https://www.imdb.com/title/tt2584384/?ref_=ev_nom,R-12,1h 48m,7.9,419K,Taika Waititi,"Christine Leunens, Taika Waititi",Roman Griffin Davis', 'Thomasin McKenzie', 'Scarlett Johansson', 'Taika Waititi', 'Sam Rockwell', 'Rebel Wilson', 'Alfie Allen', 'Stephen Merchant', 'Archie Yates', 'Luke Brandon Field', 'Sam Haygarth', 'Stanislav Callas', 'Joe Weintraub', 'Brian Caspe', 'Gabriel Andrews', 'Billy Rayner', 'Christian Howlings', 'Gilby Griffin Davis',New Zealand,0,0,0,1,0,1,0,0,0,0,0,0,0,0,1
2020,0,她們,Little Women,https://www.imdb.com/title/tt3281548/?ref_=ev_nom,GP,2h 15m,7.8,227K,Greta Gerwig,"Greta Gerwig, Louisa May Alcott",Saoirse Ronan', 'Emma Watson', 'Florence Pugh', 'Eliza Scanlen', 'Laura Dern', 'Timoth矇e Chalamet', 'Tracy Letts', 'Bob Odenkirk', 'James Norton', 'Louis Garrel', 'Jayne Houdyshell', 'Chris Cooper', 'Meryl Streep', 'Rafael Silva', 'Mason Alban', 'Emily Edstr繹m', 'Maryann Plunkett', 'Hadley Robinson',United States,0,0,0,0,0,1,0,0,0,0,1,0,0,0,0
2020,0,婚姻故事,Marriage Story,https://www.imdb.com/title/tt7653254/?ref_=ev_nom,16+,2h 17m,7.9,331K,Noah Baumbach,Noah Baumbach,Adam Driver', 'Scarlett Johansson', 'Julia Greer', 'Azhy Robertson', 'Wallace Shawn', 'Matthew Maher', 'Eric Berryman', 'Mickey Sumner', 'David Turner', 'Gideon Glick', 'Jasmine Cephas Jones', 'Motell Gyn Foster', 'Raymond J. Lee', 'Mary Wiseman', 'Pete Simpson', 'Irene Choi', 'Matthew Shear', 'Becca Blackwell',United Kingdom,0,0,0,0,0,1,0,0,0,0,1,0,0,0,0
2020,0,小丑,Joker,https://www.imdb.com/title/tt7286456/?ref_=ev_nom,R-18,2h 2m,8.4,1.4M,Todd Phillips,"Todd Phillips, Scott Silver, Bob Kane",Joaquin Phoenix', 'Robert De Niro', 'Zazie Beetz', 'Frances Conroy', 'Brett Cullen', 'Shea Whigham', 'Bill Camp', 'Glenn Fleshler', 'Leigh Gill', 'Josh Pais', 'Rocco Luna', 'Marc Maron', 'Sondra James', 'Murphy Guyer', 'Douglas Hodge', 'Dante Pereira-Olson', 'Carrie Louise Putrello', 'Sharon Washington',United States,0,0,0,0,1,1,0,0,0,0,0,0,0,1,0
2020,0,從前，有個好萊塢,Once Upon a Time in... Hollywood,https://www.imdb.com/title/tt7131622/?ref_=ev_nom,R-12,2h 41m,7.6,797K,Quentin Tarantino,Quentin Tarantino,Leonardo DiCaprio', 'Brad Pitt', 'Margot Robbie', 'Emile Hirsch', 'Margaret Qualley', 'Timothy Olyphant', 'Julia Butters', 'Austin Butler', 'Dakota Fanning', 'Bruce Dern', 'Mike Moh', 'Luke Perry', 'Damian Lewis', 'Al Pacino', 'Nicholas Hammond', 'Samantha Robinson', 'Rafal Zawierucha', 'Lorenza Izzo',United States,0,0,0,1,0,1,0,0,0,0,0,0,0,0,0
2020,0,愛爾蘭人,The Irishman (original title),https://www.imdb.com/title/tt1302006/?ref_=ev_nom,16+,3h 29m,7.8,411K,Martin Scorsese,"Steven Zaillian, Charles Brandt",Robert De Niro', 'Al Pacino', 'Joe Pesci', 'Harvey Keitel', 'Ray Romano', 'Bobby Cannavale', 'Anna Paquin', 'Stephen Graham', 'Stephanie Kurtzuba', 'Jack Huston', 'Kathrine Narducci', 'Jesse Plemons', 'Domenick Lombardozzi', 'Paul Herman', 'Gary Basaraba', 'Marin Ireland', 'Lucy Gallina', 'Jonathan Morris',United States,0,0,1,0,1,1,0,0,0,0,0,0,0,0,0
2020,0,賽道狂人,Ford v Ferrari (original title),https://www.imdb.com/title/tt1950186/?ref_=ev_nom,0+,2h 32m,8.1,434K,James Mangold,"Jez Butterworth, John-Henry Butterworth, Jason Keller",Matt Damon', 'Christian Bale', 'Jon Bernthal', 'Caitr穩ona Balfe', 'Josh Lucas', 'Noah Jupe', 'Tracy Letts', 'Remo Girone', 'Ray McKinnon', 'JJ Feild', 'Jack McMullen', 'Corrado Invernizzi', 'Joe Williamson', 'Ian Harding', 'Christopher Darga', 'Shawn Law', 'Emil Beheshti', 'Darrin Prescott',United States,1,0,1,0,0,1,0,0,0,0,0,0,1,0,0
2021,1,游牧人生,Nomadland,https://www.imdb.com/title/tt9770150/?ref_=ev_nom,0+,1h 47m,7.3,174K,Chlo_ Zhao,"Chlo_ Zhao, Jessica Bruder",Frances McDormand', 'David Strathairn', 'Linda May', 'Gay DeForest', 'Patricia Grier', 'Angela Reyes', 'Carl R. Hughes', 'Douglas G. Soul', 'Ryan Aquino', 'Teresa Buchanan', 'Karie Lynn McDermott Wilder', 'Brandy Wilber', 'Makenzie Etcheverry', 'Bob Wells', 'Annette Webb', 'Rachel Bannon', 'Charlene Swankie', 'Bryce Bedsworth',United States,0,0,0,0,0,1,0,0,0,0,0,0,0,0,0
2021,0,夢想之地,Minari,https://www.imdb.com/title/tt10633456/?ref_=ev_nom,0+,1h 55m,7.4,90K,Lee Isaac Chung,Lee Isaac Chung,Steven Yeun', 'Yeri Han', 'Alan Kim', 'Noel Cho', 'Darryl Cox', 'Esther Moon', 'Ben Hall', 'Eric Starkey', 'Will Patton', 'Youn Yuh-jung', 'Jacob M Wade', 'James Carroll', 'Jenny Phagan', 'Tina Parker', 'Chloe Lee', 'Joel Telford', 'Scott Haze', 'Kaye Brownlee-France',United States,0,0,0,0,0,1,0,0,0,0,0,0,0,0,0
2021,0,曼克,Mank,https://www.imdb.com/title/tt10618286/?ref_=ev_nom,16+,2h 11m,6.8,79K,David Fincher,Jack Fincher,Gary Oldman', 'Amanda Seyfried', 'Lily Collins', 'Tom Pelphrey', 'Arliss Howard', 'Tuppence Middleton', 'Monika Gossmann', 'Joseph Cross', 'Sam Troughton', 'Toby Leonard Moore', 'Tom Burke', 'Charles Dance', 'Ferdinand Kingsley', 'Jamie McShane', 'Jack Romano', 'Adam Shapiro', 'John Churchill', 'Jeff Harms',United States,0,0,1,1,0,1,0,0,0,0,0,0,0,0,0
2021,0,父親,The Father,https://www.imdb.com/title/tt10272386/?ref_=ev_nom,U,1h 37m,8.2,176K,Florian Zeller,"Christopher Hampton, Florian Zeller",Anthony Hopkins', 'Olivia Colman', 'Mark Gatiss', 'Olivia Williams', 'Imogen Poots', 'Rufus Sewell', 'Ayesha Dharker', 'Roman Zeller', 'Adnan Kundi', 'Brian Rodger', 'Evie Wray',,,,,,,,United Kingdom,0,0,0,0,0,1,0,0,0,1,0,0,0,0,0
2021,0,猶大與黑色彌賽亞,Judas and the Black Messiah,https://www.imdb.com/title/tt9784798/?ref_=ev_nom,15+,2h 6m,7.4,87K,Shaka King,"Will Berson, Shaka King, Kenneth Lucas",LaKeith Stanfield', 'Daniel Kaluuya', 'Jesse Plemons', 'Dominique Fishback', 'Ashton Sanders', 'Algee Smith', 'Darrell Britt-Gibson', 'Lil Rel Howery', 'Dominique Thorne', 'Martin Sheen', 'Amari Cheatom', 'Khris Davis', 'Ian Duff', 'Caleb Eberhardt', 'Robert Longstreet', 'Amber Chardae Robinson', 'Ikechukwu Ufomadu', 'James Udom',United States,0,0,1,0,0,1,0,1,0,0,0,0,0,0,0
2021,0,芝加哥七人案：驚世審判,The Trial of the Chicago 7,https://www.imdb.com/title/tt1070874/?ref_=ev_nom,16+,2h 9m,7.7,187K,Aaron Sorkin,Aaron Sorkin,Eddie Redmayne', 'Alex Sharp', 'Sacha Baron Cohen', 'Jeremy Strong', 'John Carroll Lynch', 'Yahya Abdul-Mateen II', 'Mark Rylance', 'Joseph Gordon-Levitt', 'Ben Shenkman', 'J.C. MacKenzie', 'Frank Langella', 'Danny Flaherty', 'Noah Robbins', 'John Doman', 'Michael Keaton', 'Kelvin Harrison Jr.', 'Caitlin FitzGerald', 'Brady Jenness',United States,0,0,0,0,0,1,0,1,0,0,0,0,0,1,0
2021,0,花漾女子,Promising Young Woman,https://www.imdb.com/title/tt9620292/?ref_=ev_nom,15+,1h 53m,7.5,194K,Emerald Fennell,Emerald Fennell,Carey Mulligan', 'Bo Burnham', 'Alison Brie', 'Clancy Brown', 'Adam Brody', 'Ray Nicholson', 'Sam Richardson', 'Timothy E. Goodwin', 'Jennifer Coolidge', 'Laverne Cox', 'Alli Hart', 'Loren Paul', 'Scott Aschenbrenner', 'Christopher Mintz-Plasse', 'Gabriel Oliva', 'Bryan Lillis', 'Francisca Estevez', 'Lorna Scott',United Kingdom,0,0,0,0,1,1,0,0,0,1,0,0,0,1,0
2021,0,靜寂的鼓手,Sound of Metal,https://www.imdb.com/title/tt5363618/?ref_=ev_nom,R,2h,7.7,141K,Darius Marder,"Darius Marder, Abraham Marder, Derek Cianfrance",Riz Ahmed', 'Olivia Cooke', 'Paul Raci', 'Lauren Ridloff', 'Mathieu Amalric', 'Domenico Toledo', 'Chelsea Lee', 'Shaheem Sanchez', 'Chris Perfetti', 'Bill Thorpe', 'Michael Tow', 'William Xifaras', 'Rena Maliszewski', 'Tom Kemp', 'Elan Sicroff', 'Jeremy Lee Stone', 'Ezra Marder', 'Hartmut Teuber',United States,0,0,0,0,0,1,0,0,1,0,0,0,0,0,0
2022,1,樂動心旋律,CODA,https://www.imdb.com/title/tt10366460/?ref_=ev_nom,R,1h 51m,8,152K,Sian Heder,"Sian Heder, Victoria Bedos",Emilia Jones', 'Marlee Matlin', 'Troy Kotsur', 'Daniel Durant', 'John Fiore', 'Lonnie Farmer', 'Kevin Chapman', 'Amy Forsyth', 'Courtland Jones', 'Molly Beth Thomas', 'Ferdia Walsh-Peelo', 'Ayana Brown', 'Jason Pugatch', 'Kyana Fanene', 'Anilee List', 'Eugenio Derbez', 'Stone Martin', 'Maeve Chapman',France,0,0,0,1,0,1,0,0,1,0,0,0,0,0,0
2022,0,千萬別抬頭,Don't Look Up,https://www.imdb.com/title/tt11286314/?ref_=ev_nom,16 +,2h 18m,7.2,569K,Adam McKay,"Adam McKay, David Sirota",Leonardo DiCaprio', 'Jennifer Lawrence', 'Meryl Streep', 'Cate Blanchett', 'Rob Morgan', 'Jonah Hill', 'Mark Rylance', 'Tyler Perry', 'Timoth矇e Chalamet', 'Ron Perlman', 'Ariana Grande', 'Kid Cudi', 'Himesh Patel', 'Melanie Lynskey', 'Michael Chiklis', 'Tomer Sisley', 'Paul Guilfoyle', 'Robert Joy',United States,0,0,0,1,0,1,0,0,0,0,0,1,0,0,0
2022,0,在車上,Doraibu mai k_ ,https://www.imdb.com/title/tt14039582/?ref_=ev_nom,16+,2h 59m,7.6,60K,Ry_suke Hamaguchi,"Haruki Murakami, Ry_suke Hamaguchi, Takamasa e",Hidetoshi Nishijima', 'T繫ko Miura', 'Reika Kirishima', 'Masaki Okada', 'Park Yu-rim', 'Jin Dae-yeon', 'Sonia Yuan', 'Ahn Hwitae', 'Perry Dizon', 'Satoko Abe', 'Hiroko Matsuda', 'Toshiaki Inomata', 'Takako Yamamura', 'Ry繫 Iwase', 'Faisal Anwar', 'Kamal Zharif', 'Massimo Biondi', 'Sh繫ichir繫 Tanigawa',Japan,0,0,0,0,0,1,0,0,0,0,0,0,0,0,0
2022,0,夜路,Nightmare Alley,https://www.imdb.com/title/tt7740496/?ref_=ev_nom,15+,2h 30m,7,156K,Guillermo del Toro,"Guillermo del Toro, Kim Morgan, William Lindsay Gresham",Bradley Cooper', 'Cate Blanchett', 'Toni Collette', 'Willem Dafoe', 'Richard Jenkins', 'Rooney Mara', 'Ron Perlman', 'Mary Steenburgen', 'David Strathairn', 'Mark Povinelli', 'Peter MacNeill', 'Holt McCallany', 'Paul Anderson', 'Lara Jean Chorostecki', 'Jim Beaver', 'Clifton Collins Jr.', 'Tim Blake Nelson', 'David Hewlett',United States,0,0,0,0,1,1,0,0,0,0,0,0,0,1,0
2022,0,沙丘,Dune: Part One,https://www.imdb.com/title/tt1160419/?ref_=ev_nom,6+,2h 35m,8,711K,Denis Villeneuve,"Jon Spaihts, Denis Villeneuve, Eric Roth",Timoth矇e Chalamet', 'Rebecca Ferguson', 'Zendaya', 'Oscar Isaac', 'Jason Momoa', 'Stellan Skarsg疇rd', 'Stephen McKinley Henderson', 'Josh Brolin', 'Javier Bardem', 'Sharon Duncan-Brewster', 'Chang Chen', 'Dave Bautista', 'David Dastmalchian', 'Charlotte Rampling', 'Babs Olusanmokun', 'Benjamin Cl矇mentine', 'Souad Faress', 'Golda Rosheuvel',United States,1,1,0,0,0,1,0,0,0,0,0,1,0,0,0
2022,0,犬山記,The Power of the Dog,https://www.imdb.com/title/tt10293406/?ref_=ev_nom,16 +,2h 6m,6.8,186K,Jane Campion,"Jane Campion, Thomas Savage",Benedict Cumberbatch', 'Kirsten Dunst', 'Jesse Plemons', 'Kodi Smit-McPhee', 'Genevi癡ve Lemon', 'Kenneth Radley', 'Sean Keenan', 'George Mason', 'Ramontay McConnell', 'David Denis', 'Cohen Holloway', 'Max Mata', 'Josh Owen', 'Alistair Sewell', 'Eddie Campbell', 'Alice Englert', 'Bryony Skillington', 'Jacque Drew',New Zealand,0,0,0,0,0,1,0,0,0,0,0,0,0,0,0
2022,0,王者理查,King Richard,https://www.imdb.com/title/tt9620288/?ref_=ev_nom,PG-13,2h 24m,7.5,126K,Reinaldo Marcus Green,Zach Baylin,Will Smith', 'Aunjanue Ellis-Taylor', 'Jon Bernthal', 'Saniyya Sidney', 'Demi Singleton', 'Tony Goldwyn', 'Mikayla Lashae Bartholomew', 'Daniele Lawson', 'Layla Crawford', 'Erika Ringor', 'Noah Bean', 'Craig Tate', 'Josiah Cross', 'Calvin Clausell Jr.', 'Vaughn W. Hebron', 'Jimmy Walker Jr.', 'Kevin Dunn', 'Brad Greenquist',United States,0,0,1,0,0,1,0,0,0,0,0,0,1,0,0
2022,0,甘草披薩,Licorice Pizza,https://www.imdb.com/title/tt11271038/?ref_=ev_nom,R,2h 13m,7.1,132K,Paul Thomas Anderson,Paul Thomas Anderson,Alana Haim', 'Cooper Hoffman', 'Sean Penn', 'Tom Waits', 'Will Angarola', 'Griff Giacchino', 'James Kelley', 'Dexter Demme', 'River Cornwell', 'Harrison Bray', 'Sasha Spielberg', 'Karissa Reynafarje', 'Savannah Ioakimedes', 'Dorie Samovitz', 'Anna Cordell', 'Adam Somner', 'Joshua Carl Allen', 'Patrick Hoelck',United States,0,0,0,1,0,1,0,0,0,0,1,0,0,0,0
2022,0,西城故事,West Side Story,https://www.imdb.com/title/tt3581652/?ref_=ev_nom,12+,2h 36m,7.2,90K,Steven Spielberg,"Tony Kushner, Arthur Laurents",Ansel Elgort', 'Rachel Zegler', 'Ariana DeBose', 'David Alvarez', 'Rita Moreno'," ""Brian d'Arcy James""", 'Corey Stoll', 'Mike Faist', 'Josh Andr矇s Rivera', 'Iris Menas', 'David Aviles Morales', 'Sebastian Serra', 'Ricardo Zayas', 'Carlos E. Gonzalez', 'Ricky Ubeda', 'Andrei Chagas', 'Adriel Flete', 'Jacob Guzman',United States,0,0,0,0,1,1,0,0,1,0,1,0,0,0,0
2022,0,貝爾法斯特,Belfast,https://www.imdb.com/title/tt12789558/?ref_=ev_nom,P,1h 38m,7.3,83K,Kenneth Branagh,Kenneth Branagh,Jude Hill', 'Lewis McAskie', 'Caitr穩ona Balfe', 'Jamie Dornan', 'Judi Dench', 'Ciar獺n Hinds', 'Josie Walker', 'Freya Yates', 'Nessa Eriksson', 'Charlie Barnard', 'Frankie Hastings', 'M獺ir矇ad Tyers', 'Caolan McCarthy', 'Ian Dunnett Jnr', 'Michael Maloney', 'Lara McDonnell', 'Chris McCurry', 'Rachel Feeney',United Kingdom,0,0,1,0,0,1,0,0,0,0,1,0,0,0,0
2023,1,媽的多重宇宙,Everything Everywhere All at Once,https://www.imdb.com/title/tt6710474/?ref_=ev_nom,12+,2h 19m,7.8,475K,"Daniel Kwan, Daniel Scheinert","Daniel Kwan, Daniel Scheinert",Michelle Yeoh', 'Stephanie Hsu', 'Jamie Lee Curtis', 'Ke Huy Quan', 'James Hong', 'Tallie Medel', 'Jenny Slate', 'Harry Shum Jr.', 'Biff Wiff', 'Sunita Mani', 'Aaron Lazar', 'Brian Le', 'Andy Le', 'Narayana Cabral', 'Chelsey Goldsmith', 'Craig Henningsen', 'Anthony Molinari', 'Dan Brown',United States,1,1,0,1,0,0,1,0,0,0,0,1,0,0,0
2023,0,T_R塔爾,T_r,https://www.imdb.com/title/tt14444726/?ref_=ev_nom,R,2h 38m,7.4,80K,Todd Field,Todd Field,Cate Blanchett', 'No矇mie Merlant', 'Nina Hoss', 'Sophie Kauer', 'Adam Gopnik', 'Marc-Martin Straub', 'Egon Brandstetter', 'Ylva Pollak', 'Paula F繹rst', 'Sylvia Flote', 'Sydney Lemmon', 'Mark Strong', 'Nicolas Hopchet', 'Zethphan D. Smith-Gneist', 'Kitty Watson', 'Alec Baldwin', 'Jessica Hansen', 'Mila Bogojevic',United States,0,0,0,0,0,1,0,0,1,0,0,0,0,0,0
2023,0,伊尼舍林的女妖,The Banshees of Inisherin,https://www.imdb.com/title/tt11813216/?ref_=ev_nom,15+,1h 54m,7.7,224K,Martin McDonagh,Martin McDonagh,Colin Farrell', 'Brendan Gleeson', 'Kerry Condon', 'Pat Shortt', 'Gary Lydon', 'Jon Kenny', 'Barry Keoghan', 'Sheila Flitton', 'John Carty', 'Oliver Farrelly', 'Lasa穩rfhiona N穩 Chonaola', 'David Pearse', 'Br穩d N穩 Neachtain', 'Aaron Monaghan', 'James Carty', 'Conor Connolly', 'Ryan Owens', 'Jenny',United Kingdom,0,0,0,1,0,1,0,0,0,0,0,0,0,0,0
2023,0,捍衛戰士：獨行俠,Top Gun: Maverick,https://www.imdb.com/title/tt1745960/?ref_=ev_nom,6+,2h 10m,8.3,625K,Joseph Kosinski,"Jim Cash, Jack Epps Jr., Peter Craig",Tom Cruise', 'Jennifer Connelly', 'Miles Teller', 'Val Kilmer', 'Bashir Salahuddin', 'Jon Hamm', 'Charles Parnell', 'Monica Barbaro', 'Lewis Pullman', 'Jay Ellis', 'Danny Ramirez', 'Glen Powell', 'Jack Schumacher', 'Manny Jacinto', 'Kara Wang', 'Greg Tarzan Davis', 'Jake Picking', 'Raymond Lee',United States,1,0,0,0,0,1,0,0,0,0,0,0,0,0,0
2023,0,沒有聲音的女人們,Women Talking,https://www.imdb.com/title/tt13669038/?ref_=ev_nom,PG-13,1h 44m,6.9,34K,Sarah Polley,"Sarah Polley, Miriam Toews",Rooney Mara', 'Claire Foy', 'Jessie Buckley', 'Frances McDormand', 'Judith Ivey', 'Emily Mitchell', 'Kate Hallett', 'Liv McNeil', 'Sheila McCarthy', 'Michelle McLeod', 'Kira Guloien', 'Shayla Brown', 'Vivien Endicott Douglas', 'Ben Whishaw', 'August Winter', 'Lochlan Ray Miller', 'Nathaniel McParland', 'Will Bowes',United States,0,0,0,0,0,1,0,0,0,0,0,0,0,0,0
2023,0,法貝爾曼,The Fabelmans,https://www.imdb.com/title/tt14208870/?ref_=ev_nom,6+,2h 31m,7.5,100K,Steven Spielberg,"Steven Spielberg, Tony Kushner",Michelle Williams', 'Gabriel LaBelle', 'Paul Dano', 'Judd Hirsch', 'Seth Rogen', 'Mateo Zoryan', 'Keeley Karsten', 'Alina Brace', 'Julia Butters', 'Birdie Borria', 'Sophia Kopera', 'Jeannie Berlin', 'Robin Bartlett', 'Sam Rechner', 'Oakes Fegley', 'Chloe East', 'Isabelle Kusman', 'Chandler Lovelle',United States,0,0,0,0,0,1,0,0,0,0,0,0,0,0,0
2023,0,瘋狂富作用,Triangle of Sadness,https://www.imdb.com/title/tt7322224/?ref_=ev_nom,0+,2h 27m,7.3,151K,Ruben stlund,Ruben stlund,Thobias Thorwid', 'Harris Dickinson', 'Charlbi Dean', 'Jiannis Moustos', 'Vicki Berlin', 'Dolly De Leon', 'Timoleon Gketsos', 'Alicia Eriksson', 'Woody Harrelson', 'Zlatko Buric', 'Sunnyi Melles', 'Carolina Gynning', 'Iris Berben', 'Amanda Walker', 'Oliver Ford Davies', 'Ralph Schicha', 'Henrik Dorsin', 'Arvin Kananian',United States,0,0,0,1,0,1,0,0,0,0,0,0,0,0,0
2023,0,西線無戰事,Im Westen nichts Neues,https://www.imdb.com/title/tt1016150/?ref_=ev_nom,16+,2h 28m,7.8,220K,Edward Berger,"Edward Berger, Lesley Paterson, Ian Stokell",Felix Kammerer', 'Albrecht Schuch', 'Aaron Hilmer', 'Moritz Klaus', 'Adrian Gr羹newald', 'Edin Hasanovic', 'Daniel Br羹hl', 'Thibault de Montalembert', 'Devid Striesow', 'Andreas D繹hler', 'Sebastian H羹lk', 'Luc Feit', 'Michael Wittenborn', 'Michael Stange', 'Sascha Nathan', 'Tobias Langhoff', 'Anton von Lucke', 'Michael Pitthan',Germany,1,0,0,0,0,1,0,0,0,0,0,0,0,0,1
2023,0,貓王艾維斯,Elvis,https://www.imdb.com/title/tt3704428/?ref_=ev_nom,12+,2h 39m,7.3,215K,Baz Luhrmann,"Baz Luhrmann, Sam Bromell, Craig Pearce",Tom Hanks', 'Austin Butler', 'Olivia DeJonge', 'Helen Thomson', 'Richard Roxburgh', 'Kelvin Harrison Jr.', 'David Wenham', 'Kodi Smit-McPhee', 'Luke Bracey', 'Dacre Montgomery', 'Leon Ford', 'Gary Clark Jr.', 'Yola', 'Natasha Bassett', 'Xavier Samuel', 'Adam Dunn', 'Alton Mason', 'Shonka Dukureh',United States,0,0,1,0,0,1,0,0,1,0,0,0,0,0,0
2023,0,阿凡達：水之道,Avatar: The Way of Water,https://www.imdb.com/title/tt1630029/?ref_=ev_nom,6+,3h 12m,7.6,453K,James Cameron,"James Cameron, Rick Jaffa, Amanda Silver",Sam Worthington', 'Zoe Saldana', 'Sigourney Weaver', 'Stephen Lang', 'Kate Winslet', 'Cliff Curtis', 'Joel David Moore', 'CCH Pounder', 'Edie Falco', 'Brendan Cowell', 'Jemaine Clement', 'Jamie Flatters', 'Britain Dalton', 'Trinity Jo-Li Bliss', 'Jack Champion', 'Bailey Bass', 'Filip Geljo', 'Duane Evans Jr.',United States,1,1,0,0,0,0,1,0,0,0,0,1,0,0,0
,,,,,,,,,,,,,,,,,,,,,,,,,,,,,,26,25,48,36,25,164,16,23,15,13,30,13,7,30,19